batch_id,season,ambient_temp_c,humidity_pct,core_temp_c,w_c_ratio,cement_content,curing_method,cure_hours,maturity_index,compressive_mpa,total_cost_inr,cost_per_mpa,demoulded,thermal_delta,log_maturity,season_enc,method_enc,cost_efficient,maturity_rate,heat_stress
0,Winter,15.25,61.2,28.45,0.517,409.7,Wet,24.01,764.9,39.86,11106.25,278.63,1,13.2,6.641051612915548,2,0,1,31.85755935027072,9.333
1,Summer,34.28,29.2,46.0,0.428,380.4,Steam,34.03,1706.1,48.52,16060.6,331.03,1,11.719999999999999,7.442551303386707,0,1,0,50.13517484572436,10.00976
2,Monsoon,29.25,83.7,50.09,0.493,388.2,Membrane,36.49,1812.4,44.57,16712.91,375.01,1,20.840000000000003,7.502958815211956,1,2,0,49.66840230200055,24.48225
3,Summer,37.88,29.0,46.29,0.503,394.0,Wet,44.74,2330.0,47.73,20690.18,433.5,1,8.409999999999997,7.754052639035757,0,0,0,52.07867679928476,10.985199999999999
4,Spring,30.83,43.0,47.01,0.464,370.8,Steam,28.19,1379.1,48.33,13306.22,275.35,1,16.18,7.229911239293994,3,1,1,48.921603405462925,13.256899999999998
5,Winter,17.14,42.9,33.61,0.441,432.9,Wet,17.07,604.0,35.65,7896.39,221.51,1,16.47,6.405228458030842,2,0,1,35.383714118336265,7.35306
6,Winter,10.0,38.6,29.67,0.444,351.4,Wet,33.81,1008.8,41.8,15639.23,374.12,1,19.67,6.9175075704248155,2,0,0,29.83732623484176,3.86
7,Spring,30.99,53.3,47.29,0.45,356.4,Wet,34.95,1717.4,46.87,16165.33,344.9,1,16.3,7.449148904314546,3,0,0,49.13876967095851,16.51767
8,Winter,10.0,67.8,21.76,0.546,434.9,Steam,13.46,348.3,36.02,6351.05,176.34,1,11.760000000000002,5.855931151812786,2,1,1,25.87667161961367,6.78
9,Spring,29.66,35.8,51.01,0.476,440.8,Wet,20.24,1018.6,42.88,9359.49,218.29,1,21.349999999999998,6.92716567250196,3,0,1,50.32608695652174,10.61828
10,Spring,36.11,58.2,49.4,0.532,412.4,Wet,19.86,1048.0,43.0,9187.03,213.64,1,13.29,6.955592608396297,3,0,1,52.769385699899296,21.016019999999997
11,Spring,26.95,43.0,36.06,0.434,392.7,Membrane,30.39,1261.3,41.7,13917.2,333.76,1,9.110000000000003,7.140690732758816,3,2,0,41.503784139519574,11.5885
12,Summer,45.78,33.5,59.84,0.44,374.4,Wet,26.54,1666.9,45.45,12273.87,270.07,1,14.060000000000002,7.419320629083128,0,0,1,62.807083647324795,15.336300000000001
13,Spring,27.86,49.8,43.71,0.445,378.5,Wet,13.85,634.3,35.92,6407.12,178.37,1,15.850000000000001,6.454097328272487,3,0,1,45.79783393501805,13.874279999999999
14,Summer,42.95,20.7,60.94,0.502,403.1,Wet,14.91,923.6,39.27,6896.21,175.59,1,17.989999999999995,6.829361211554125,0,0,1,61.945003353454055,8.89065
15,Monsoon,28.0,96.2,43.02,0.495,403.6,Wet,18.71,851.7,38.55,8655.53,224.55,1,15.020000000000003,6.748407785748004,1,0,1,45.52111170497061,26.936
16,Summer,36.33,43.6,45.77,0.433,421.1,Membrane,45.86,2341.2,47.43,21003.35,442.84,1,9.440000000000005,7.7588459376080365,0,2,0,51.05102485826428,15.83988
17,Spring,15.65,46.1,34.19,0.417,442.5,Membrane,41.42,1446.5,42.1,18970.36,450.63,1,18.54,7.277593209447151,3,2,0,34.922742636407534,7.214650000000001
18,Summer,31.16,36.2,45.34,0.549,446.5,Steam,22.04,1063.4,46.44,10402.58,224.0,1,14.180000000000003,6.970166539103534,0,1,1,48.24863883847551,11.279920000000002
19,Spring,30.36,52.5,48.75,0.496,358.4,Wet,12.33,611.1,38.05,5703.13,149.87,1,18.39,6.416895667857024,3,0,1,49.56204379562044,15.938999999999998
20,Monsoon,27.04,76.2,34.17,0.473,394.8,Membrane,29.78,1209.2,41.21,13639.32,330.99,1,7.130000000000003,7.098540914188221,1,2,0,40.60443250503694,20.60448
21,Spring,22.44,54.2,32.13,0.485,359.4,Wet,47.03,1753.3,46.99,21750.63,462.89,1,9.690000000000001,7.469825195935139,3,0,0,37.2804592813098,12.16248
22,Summer,41.64,34.7,64.07,0.465,385.0,Steam,20.29,1275.1,50.22,9575.31,190.68,1,22.429999999999993,7.1515638307399305,0,1,1,62.843765401675704,14.449080000000002
23,Spring,27.84,39.3,36.55,0.541,445.4,Membrane,45.42,1916.6,45.93,20802.12,452.87,1,8.709999999999997,7.558829683120175,3,2,0,42.197269925143104,10.941119999999998
24,Summer,46.48,50.5,56.11,0.547,357.5,Wet,29.47,1806.3,44.48,13629.91,306.41,1,9.630000000000003,7.499589297841593,0,0,1,61.29284017645063,23.472399999999997
25,Monsoon,25.13,90.0,39.48,0.415,411.5,Membrane,43.59,1844.1,47.17,19962.13,423.2,1,14.349999999999998,7.520288755547837,1,2,0,42.305574673090156,22.616999999999997
26,Summer,39.8,52.8,49.32,0.444,392.0,Wet,12.19,664.9,36.88,5636.33,152.84,1,9.520000000000003,6.501139509116577,0,0,1,54.54470877768663,21.014399999999995
27,Spring,30.47,59.5,44.34,0.534,383.8,Wet,13.29,630.2,38.66,6148.44,159.03,1,13.870000000000005,6.447622769531664,3,0,1,47.419112114371714,18.129649999999998
28,Summer,38.6,36.4,50.47,0.438,353.9,Wet,41.8,2279.8,49.36,19334.02,391.69,1,11.869999999999997,7.732281537598462,0,0,0,54.54066985645934,14.0504
29,Spring,27.24,73.9,41.25,0.496,422.6,Membrane,40.63,1797.5,47.07,18607.03,395.33,1,14.010000000000002,7.494708263135679,3,2,0,44.240708835835584,20.13036
30,Winter,25.96,49.8,42.98,0.438,368.4,Wet,14.09,626.8,37.7,6518.92,172.92,1,17.019999999999996,6.442221644407853,2,0,1,44.48545067423704,12.92808
31,Spring,32.16,67.7,49.62,0.499,378.0,Membrane,34.02,1731.3,45.05,15582.05,345.9,1,17.46,7.457205284284895,3,2,0,50.89065255731922,21.77232
32,Winter,18.43,47.9,25.63,0.424,362.0,Wet,23.21,743.5,38.51,10735.03,278.76,1,7.199999999999999,6.612712852124064,2,0,1,32.033606204222316,8.827969999999999
33,Monsoon,33.29,69.0,50.98,0.492,413.5,Wet,30.11,1569.9,43.44,13927.22,320.62,1,17.689999999999998,7.359403982505894,1,0,0,52.13882431086018,22.9701
34,Summer,45.73,39.1,68.9,0.492,444.4,Membrane,40.83,2748.9,49.07,18702.05,381.16,1,23.17000000000001,7.91931982636308,0,2,0,67.3254959588538,17.88043
35,Summer,45.24,56.3,57.81,0.541,388.6,Membrane,14.5,891.9,37.05,6639.63,179.23,1,12.57,6.794474592523171,0,2,1,61.5103448275862,25.47012
36,Winter,15.91,53.7,33.21,0.493,383.7,Steam,24.26,838.5,43.57,11451.89,262.83,1,17.3,6.732806476517595,2,1,1,34.56306677658697,8.54367
37,Monsoon,24.85,92.6,35.33,0.532,423.5,Membrane,39.02,1564.3,45.51,17872.14,392.68,1,10.479999999999997,7.355832777894177,1,2,0,40.08969759097898,23.011100000000003
38,Spring,36.05,55.3,54.32,0.419,375.0,Steam,20.59,1136.3,47.35,9718.24,205.24,1,18.270000000000003,7.036412311190399,3,1,1,55.18698397280233,19.93565
39,Winter,22.29,70.7,42.16,0.448,439.6,Wet,15.29,645.5,38.09,7069.92,185.6,1,19.869999999999997,6.471573198211912,2,0,1,42.21713538260301,15.759030000000001
40,Winter,18.52,58.2,33.25,0.472,399.3,Wet,31.93,1145.9,42.13,14769.16,350.55,1,14.73,7.044817929370477,2,0,0,35.887879736924525,10.778640000000001
41,Summer,39.0,28.0,48.15,0.482,394.2,Membrane,17.15,918.6,39.61,7853.65,198.28,1,9.149999999999999,6.8239387928890265,0,2,1,53.56268221574344,10.92
42,Monsoon,30.27,85.7,51.23,0.526,392.6,Wet,17.28,876.8,38.56,7990.97,207.25,1,20.959999999999997,6.777418777254134,1,0,1,50.74074074074073,25.941390000000002
43,Spring,28.4,35.5,45.56,0.522,444.7,Membrane,15.01,705.0,35.86,6872.76,191.63,1,17.160000000000004,6.559615237493242,3,2,1,46.96868754163891,10.081999999999999
44,Summer,43.91,26.2,56.42,0.437,383.0,Wet,32.57,1959.7,47.75,15065.03,315.49,1,12.510000000000005,7.581056831321376,0,0,1,60.16886705557261,11.504419999999998
45,Winter,21.84,70.3,44.18,0.488,446.2,Wet,20.05,862.3,41.25,9272.87,224.8,1,22.34,6.760762255241477,2,0,1,43.0074812967581,15.353519999999998
46,Monsoon,24.31,89.8,43.38,0.407,442.5,Membrane,14.72,645.2,36.3,6739.76,185.69,1,19.070000000000004,6.471109053390398,1,2,1,43.83152173913044,21.83038
47,Winter,15.22,80.8,38.52,0.488,440.1,Wet,44.05,1624.0,44.34,20372.89,459.45,1,23.300000000000004,7.393263094763838,2,0,0,36.86719636776391,12.29776
48,Spring,26.46,42.6,37.79,0.425,414.7,Wet,24.97,1051.9,41.49,11549.75,278.39,1,11.329999999999998,6.959303540862714,3,0,1,42.126551862234685,11.271960000000002
49,Winter,10.0,32.0,35.78,0.522,418.5,Wet,46.19,1519.2,45.18,21364.17,472.9,1,25.78,7.32659718413194,2,0,0,32.89023598181425,3.2
50,Spring,31.9,51.5,45.72,0.412,437.7,Steam,39.99,1952.0,50.61,18877.02,373.02,1,13.82,7.577121930876679,3,1,0,48.81220305076269,16.4285
51,Winter,17.93,34.4,33.62,0.545,434.2,Membrane,21.84,781.4,39.98,10003.94,250.21,1,15.689999999999998,6.662366118720607,2,2,1,35.77838827838828,6.167919999999999
52,Spring,29.09,45.2,50.65,0.48,425.0,Membrane,39.25,1957.7,43.9,17978.75,409.55,1,21.56,7.580036266860698,3,2,0,49.87770700636943,13.148680000000002
53,Summer,35.45,21.3,51.77,0.501,411.8,Wet,30.73,1647.5,46.02,14213.12,308.87,1,16.32,7.407621062511786,0,0,1,53.6121054344289,7.5508500000000005
54,Monsoon,28.45,92.1,50.2,0.522,446.8,Wet,29.28,1444.3,46.02,13542.77,294.26,1,21.750000000000004,7.276072191454796,1,0,1,49.327185792349724,26.20245
55,Monsoon,28.83,77.3,41.82,0.42,351.5,Wet,27.75,1257.8,44.09,12833.96,291.07,1,12.990000000000002,7.137914165190252,1,0,1,45.32612612612613,22.28559
56,Winter,19.8,75.6,41.13,0.468,441.0,Wet,40.67,1645.8,46.82,18811.26,401.77,1,21.330000000000002,7.4065892898957495,2,0,0,40.467174821735924,14.968799999999998
57,Summer,37.42,32.2,49.88,0.547,399.3,Wet,14.73,790.3,37.65,6813.12,180.97,1,12.46,6.673677162615148,0,0,1,53.65241004752206,12.049240000000003
58,Summer,47.37,24.0,63.88,0.46,419.8,Wet,43.48,2853.0,50.22,20107.39,400.39,1,16.510000000000005,7.956476798036782,0,0,0,65.61637534498621,11.368799999999998
59,Summer,38.06,29.7,48.04,0.427,358.9,Wet,25.11,1332.3,42.77,11615.09,271.59,1,9.979999999999997,7.195412351121413,0,0,1,53.058542413381126,11.30382
60,Monsoon,26.34,75.7,36.86,0.414,398.1,Steam,25.58,1064.2,45.68,12074.84,264.31,1,10.52,6.970917853939778,1,1,1,41.602814698983586,19.93938
61,Spring,24.12,44.5,44.37,0.473,411.8,Wet,13.32,589.4,35.88,6160.78,171.69,1,20.249999999999996,6.380800273286263,3,0,1,44.249249249249246,10.733400000000001
62,Spring,30.0,42.2,46.65,0.527,425.0,Wet,26.3,1270.9,43.7,12162.78,278.31,1,16.65,7.148267124457439,3,0,1,48.323193916349815,12.66
63,Spring,25.56,43.5,49.82,0.418,439.1,Steam,29.94,1427.9,46.46,14133.53,304.2,1,24.26,7.2646601964749244,3,1,1,47.692050768203075,11.118599999999999
64,Winter,25.81,61.7,38.84,0.484,408.7,Steam,44.39,1878.8,48.2,20950.81,434.65,1,13.030000000000005,7.5389206671862015,2,1,0,42.324847938724936,15.92477
65,Winter,20.98,55.3,29.53,0.436,360.2,Wet,18.72,659.8,38.39,8656.34,225.48,1,8.55,6.493451222206768,2,0,1,35.245726495726494,11.601939999999999
66,Monsoon,32.39,86.2,58.14,0.401,447.5,Wet,37.86,2092.7,45.15,17512.31,387.91,1,25.75,7.646688114691216,1,0,0,55.27469624933967,27.920180000000002
67,Summer,48.47,28.4,57.13,0.449,392.5,Steam,33.98,2134.0,51.58,16039.66,310.98,1,8.660000000000004,7.666221925662725,0,1,1,62.80164802825192,13.76548
68,Spring,28.06,41.2,41.89,0.54,382.1,Steam,31.75,1427.9,46.08,14985.86,325.22,1,13.830000000000002,7.2646601964749244,3,1,0,44.97322834645669,11.560720000000002
69,Spring,29.15,44.0,44.51,0.502,426.0,Steam,24.56,1150.1,46.98,11591.97,246.72,1,15.36,7.048473285921016,3,1,1,46.82817589576547,12.825999999999999
70,Summer,39.81,41.4,53.56,0.461,443.3,Membrane,45.35,2570.6,48.34,20771.3,429.69,1,13.75,7.852283552267532,0,2,0,56.68357221609702,16.48134
71,Summer,39.99,30.1,54.95,0.425,431.5,Steam,43.58,2504.4,51.62,20569.39,398.46,1,14.96,7.8262036814100915,0,1,0,57.466727856815055,12.036990000000001
72,Summer,36.0,54.1,52.78,0.507,440.0,Steam,32.79,1783.4,48.04,15476.65,322.16,1,16.78,7.48683750325411,0,1,0,54.388533089356514,19.476000000000003
73,Monsoon,25.16,92.1,37.86,0.494,361.7,Membrane,17.01,706.2,37.68,7792.32,206.79,1,12.7,6.5613135113234335,1,2,1,41.516754850088184,23.172359999999998
74,Winter,17.94,67.7,39.59,0.511,407.3,Membrane,40.03,1551.6,43.28,18333.09,423.55,1,21.650000000000002,7.34768622397158,2,2,0,38.76092930302273,12.145380000000003
75,Monsoon,28.72,88.8,41.07,0.451,432.1,Wet,26.3,1180.9,43.18,12164.83,281.74,1,12.350000000000001,7.074878592018195,1,0,1,44.90114068441065,25.503359999999997
76,Summer,33.93,64.8,52.85,0.461,427.2,Wet,37.78,2017.1,48.37,17474.38,361.25,1,18.92,7.60991175369967,0,0,0,53.39068290100582,21.986639999999998
77,Monsoon,31.07,86.4,45.9,0.46,396.2,Membrane,30.21,1464.9,44.26,13837.09,312.62,1,14.829999999999998,7.290224667295986,1,2,1,48.49056603773585,26.844480000000004
78,Summer,41.47,25.6,49.88,0.489,360.2,Membrane,35.45,1973.7,44.86,16235.74,361.92,1,8.410000000000004,7.588171767063264,0,2,0,55.675599435825106,10.61632
79,Summer,43.21,50.9,65.43,0.54,442.6,Wet,42.2,2714.2,48.66,19517.65,401.14,1,22.220000000000006,7.906620894479961,0,0,0,64.31753554502369,21.99389
80,Monsoon,28.58,92.6,46.24,0.447,372.7,Steam,19.4,919.7,44.9,9157.21,203.95,1,17.660000000000004,6.8251342502938,1,1,1,47.407216494845365,26.465079999999997
81,Winter,24.59,65.2,40.64,0.538,384.6,Wet,20.09,856.0,37.48,9289.67,247.84,1,16.05,6.75343791859778,2,0,1,42.60826281732205,16.03268
82,Spring,27.05,53.1,44.4,0.487,366.6,Wet,21.99,1005.6,40.72,10171.83,249.82,1,17.349999999999998,6.91433359434226,3,0,1,45.72987721691678,14.36355
83,Summer,35.38,32.3,45.97,0.413,449.7,Steam,39.0,1976.2,48.97,18407.33,375.92,1,10.589999999999996,7.589436981432804,0,1,0,50.67179487179487,11.427739999999998
84,Winter,15.16,68.5,35.52,0.47,412.5,Wet,22.59,798.3,40.0,10445.84,261.12,1,20.360000000000003,6.683736344631973,2,0,1,35.33864541832669,10.3846
85,Monsoon,35.45,68.4,59.66,0.484,365.5,Wet,25.44,1464.2,42.97,11765.6,273.84,1,24.209999999999994,7.2897470309046595,1,0,1,57.55503144654088,24.2478
86,Monsoon,30.19,92.6,48.85,0.52,447.9,Membrane,31.86,1577.8,42.91,14592.8,340.06,1,18.66,7.364420343788692,1,2,0,49.52291274325172,27.955940000000002
87,Winter,14.88,48.7,31.28,0.498,373.8,Wet,42.81,1416.0,44.78,19797.35,442.1,1,16.4,7.256297239690681,2,0,0,33.07638402242466,7.246560000000001
88,Winter,16.62,42.3,37.79,0.449,358.7,Steam,16.42,610.9,41.53,7750.22,186.6,1,21.169999999999998,6.4165688704684944,2,1,1,37.20462850182704,7.030259999999999
89,Monsoon,32.61,75.1,48.23,0.457,409.0,Wet,31.87,1607.0,44.2,14741.59,333.51,1,15.619999999999997,7.382746449738912,1,0,0,50.42359585817383,24.49011
90,Monsoon,28.9,88.8,55.0,0.546,428.0,Wet,28.96,1504.3,44.59,13393.24,300.38,1,26.1,7.316747492866458,1,0,1,51.94406077348066,25.663199999999996
91,Summer,32.63,38.1,57.93,0.495,375.8,Wet,30.92,1709.5,43.61,14302.74,327.96,1,25.299999999999997,7.444541004417659,0,0,0,55.287839586028454,12.432030000000003
92,Summer,42.41,46.5,51.55,0.523,403.0,Membrane,26.59,1515.0,45.69,12177.73,266.51,1,9.14,7.323830566202317,0,2,1,56.97630688228657,19.72065
93,Summer,37.92,51.2,50.48,0.5,367.5,Membrane,30.68,1662.8,46.13,14051.92,304.61,1,12.559999999999995,7.416859421849788,0,2,1,54.19817470664928,19.41504
94,Spring,29.86,48.8,45.74,0.428,359.0,Steam,27.74,1325.9,47.46,13092.79,275.88,1,15.880000000000003,7.190600673542391,3,1,1,47.797404470079314,14.571679999999999
95,Spring,30.16,40.5,38.51,0.5,443.7,Steam,21.44,950.7,47.74,10120.39,211.97,1,8.349999999999998,6.858249859078298,3,1,1,44.34235074626866,12.2148
96,Winter,19.18,57.8,31.4,0.543,365.5,Steam,24.66,870.0,45.88,11637.37,253.64,1,12.219999999999999,6.769641976852503,2,1,1,35.27980535279805,11.08604
97,Spring,24.48,34.4,41.52,0.523,429.9,Steam,25.0,1074.8,45.06,11797.67,261.81,1,17.040000000000003,6.9808198498391425,3,1,1,42.992,8.42112
98,Spring,31.32,60.1,49.35,0.478,358.7,Membrane,39.33,1979.4,46.61,18010.98,386.41,1,18.03,7.591054123487268,3,2,0,50.327993897787955,18.823320000000002
99,Spring,34.84,49.3,52.49,0.433,448.8,Membrane,45.31,2431.6,45.22,20751.49,458.92,1,17.65,7.796715923184336,3,2,0,53.66585742661664,17.17612
100,Winter,11.75,86.3,19.56,0.447,362.1,Steam,27.18,697.3,42.96,12830.59,298.69,1,7.809999999999999,6.54864880985199,2,1,1,25.654893303899925,10.14025
101,Spring,31.96,45.3,39.79,0.524,353.7,Steam,14.77,677.6,43.01,6971.59,162.1,1,7.829999999999998,6.5200318523501295,3,1,1,45.87677725118483,14.47788
102,Summer,27.88,48.0,47.1,0.461,407.2,Membrane,38.56,1831.3,41.82,17661.77,422.3,1,19.220000000000002,7.513327287286129,0,2,0,47.49221991701244,13.3824
103,Spring,31.65,50.8,52.14,0.541,429.9,Membrane,26.47,1373.6,44.03,12123.04,275.31,1,20.490000000000002,7.225918058687505,3,2,1,51.8927087268606,16.0782
104,Summer,48.39,28.5,63.29,0.441,389.8,Wet,38.36,2525.8,48.7,17742.33,364.34,1,14.899999999999999,7.834708959024545,0,0,0,65.84462982273202,13.79115
105,Spring,27.33,39.9,43.04,0.435,354.2,Wet,25.84,1167.3,41.43,11949.04,288.44,1,15.71,7.063304979723102,3,0,1,45.174148606811144,10.90467
106,Spring,24.76,58.0,50.94,0.488,448.2,Membrane,47.61,2278.1,46.59,21805.68,468.07,1,26.179999999999996,7.731535907177285,3,2,0,47.84919134635581,14.360800000000001
107,Spring,28.27,51.7,38.34,0.491,401.3,Wet,18.71,810.3,40.43,8654.2,214.05,1,10.070000000000004,6.698637899401019,3,0,1,43.30839123463388,14.61559
108,Winter,20.34,61.1,36.17,0.494,371.6,Steam,21.37,817.5,41.21,10085.89,244.73,1,15.830000000000002,6.7074733968111895,2,1,1,38.25456247075339,12.427740000000002
109,Summer,50.0,38.4,66.69,0.434,372.4,Steam,15.29,1045.2,44.87,7218.54,160.86,1,16.689999999999998,6.95291983093651,0,1,1,68.35840418574232,19.2
110,Summer,32.02,27.8,41.59,0.472,354.4,Membrane,45.54,2131.6,45.1,20856.05,462.47,1,9.57,7.665097171584079,0,2,0,46.80720245937637,8.90156
111,Spring,32.87,36.2,49.67,0.509,399.6,Wet,14.74,755.8,38.42,6817.58,177.45,1,16.800000000000004,6.629099017737668,3,0,1,51.27544097693351,11.89894
112,Summer,41.63,35.4,65.17,0.486,416.2,Steam,30.77,1950.5,49.74,14521.26,291.96,1,23.54,7.5763535866206695,0,1,1,63.389665258368545,14.73702
113,Winter,20.73,59.9,42.76,0.526,419.7,Steam,17.71,739.4,43.48,8359.02,192.24,1,22.029999999999998,6.607190580699342,2,1,1,41.750423489553924,12.41727
114,Winter,17.79,61.7,35.4,0.532,350.5,Membrane,12.04,440.6,35.77,5514.47,154.17,1,17.61,6.090404494962885,2,2,1,36.59468438538207,10.97643
115,Spring,29.72,51.9,49.27,0.495,376.0,Steam,15.85,784.5,43.14,7481.82,173.42,1,19.550000000000004,6.666320457695676,3,1,1,49.495268138801265,15.424679999999999
116,Monsoon,29.86,82.4,51.96,0.526,389.2,Wet,18.26,929.4,41.5,8443.0,203.46,1,22.1,6.835614601204455,1,0,1,50.898138006571735,24.60464
117,Summer,35.58,20.0,60.36,0.493,354.6,Membrane,38.99,2260.3,47.8,17856.26,373.57,1,24.78,7.723695148128948,0,2,0,57.97127468581688,7.115999999999999
118,Winter,10.0,71.6,24.67,0.41,432.2,Wet,12.04,329.0,32.67,5567.14,170.38,1,14.670000000000002,5.799092654460526,2,0,1,27.325581395348838,7.16
119,Spring,21.88,35.5,30.76,0.425,429.5,Steam,36.5,1325.6,44.54,17227.04,386.77,1,8.880000000000003,7.190374557091456,3,1,0,36.31780821917808,7.7674
120,Monsoon,31.29,86.9,45.46,0.529,446.5,Steam,23.55,1139.1,47.13,11114.06,235.83,1,14.170000000000002,7.038871256839674,1,1,1,48.36942675159235,27.191010000000002
121,Winter,22.3,55.9,36.51,0.455,436.4,Wet,43.27,1705.1,45.37,20012.58,441.12,1,14.209999999999997,7.441965342980864,2,0,0,39.4060550034666,12.4657
122,Summer,37.37,23.1,55.6,0.48,351.8,Steam,46.83,2645.0,52.37,22103.95,422.05,1,18.230000000000004,7.880804344674901,0,1,0,56.48088831945334,8.63247
123,Monsoon,25.98,79.6,38.66,0.43,399.2,Wet,40.71,1722.8,47.88,18829.36,393.23,1,12.679999999999996,7.452286435213299,1,0,0,42.31884057971014,20.680079999999997
124,Winter,27.81,50.4,51.73,0.459,447.5,Steam,46.3,2304.1,51.8,21851.41,421.84,1,23.919999999999998,7.742879338437632,2,1,0,49.76457883369331,14.016239999999998
125,Winter,20.35,51.8,38.69,0.548,364.2,Wet,32.15,1270.4,42.86,14868.15,346.87,1,18.339999999999996,7.147873934502308,2,0,0,39.51477449455677,10.541300000000001
126,Spring,33.12,50.9,56.85,0.412,432.5,Wet,19.23,1057.4,43.02,8894.3,206.75,1,23.730000000000004,6.964513612800746,3,0,1,54.986999479979204,16.858079999999998
127,Monsoon,31.66,96.2,53.47,0.405,443.6,Wet,43.35,2278.8,49.01,20051.64,409.1,1,21.81,7.731842998802678,1,0,0,52.56747404844291,30.45692
128,Monsoon,33.8,89.5,51.66,0.492,398.4,Steam,40.22,2120.6,50.15,18982.88,378.54,1,17.86,7.6599257999915435,1,1,0,52.725012431626055,30.250999999999998
129,Spring,27.88,46.3,40.26,0.409,374.7,Wet,47.13,2077.1,47.43,21798.16,459.61,1,12.379999999999999,7.639209293696669,3,0,0,44.07171652875026,12.908439999999999
130,Spring,30.86,53.8,44.07,0.465,354.4,Wet,23.96,1137.4,41.9,11083.04,264.53,1,13.21,7.0373790467756425,3,0,1,47.47078464106845,16.60268
131,Spring,43.47,56.1,62.5,0.411,353.1,Wet,38.18,2404.7,47.1,17657.37,374.91,1,19.03,7.785596200481093,3,0,0,62.98323729701414,24.38667
132,Summer,39.53,45.3,57.14,0.51,426.8,Steam,33.17,1935.1,50.03,15656.29,312.94,1,17.61,7.568430919395119,0,1,1,58.338860416038585,17.907089999999997
133,Spring,26.13,33.7,47.09,0.489,441.2,Wet,38.39,1789.5,45.33,17756.33,391.69,1,20.960000000000004,7.490250189438488,3,0,0,46.613701484761656,8.805810000000001
134,Winter,15.62,71.7,30.79,0.49,413.3,Wet,14.49,481.1,34.7,6701.06,193.11,1,15.17,6.1781515614115765,2,0,1,33.20220841959973,11.199539999999999
135,Summer,37.44,42.7,60.45,0.454,409.3,Wet,21.29,1255.1,39.83,9847.92,247.22,1,23.010000000000005,7.135766961693207,0,0,1,58.952559887271015,15.986880000000001
136,Summer,38.07,34.1,57.35,0.49,389.7,Wet,27.91,1610.8,44.49,12909.71,290.18,1,19.28,7.3851068458904106,0,0,1,57.714080974561085,12.98187
137,Spring,18.24,47.4,27.77,0.437,411.7,Steam,13.32,439.6,40.05,6287.12,156.98,1,9.530000000000001,6.088137434368242,3,1,1,33.003003003003,8.64576
138,Summer,40.02,20.0,60.41,0.517,420.5,Wet,31.44,1892.8,46.07,14539.43,315.58,1,20.389999999999993,7.5463406715494,0,0,1,60.20356234096692,8.004000000000001
139,Monsoon,28.65,90.9,49.12,0.447,400.7,Wet,46.74,2285.1,47.83,21619.23,452.0,1,20.47,7.734602587929925,1,0,0,48.88960205391527,26.042849999999998
140,Winter,18.34,59.8,28.53,0.438,402.2,Wet,16.78,561.0,36.09,7759.7,214.99,1,10.190000000000001,6.331501849893691,2,0,1,33.4326579261025,10.967319999999999
141,Summer,40.02,37.8,65.2,0.467,436.8,Wet,46.01,2880.6,48.95,21277.83,434.67,1,25.18,7.966100974421692,0,0,0,62.60812866768094,15.12756
142,Monsoon,30.55,86.3,49.12,0.515,361.3,Steam,45.87,2286.1,52.04,21651.35,416.08,1,18.569999999999997,7.735039918471314,1,1,0,49.83867451493351,26.36465
143,Summer,41.96,38.0,60.69,0.55,354.8,Membrane,40.17,2463.2,46.41,18395.97,396.41,1,18.729999999999997,7.809622490190568,0,2,0,61.3193925815285,15.9448
144,Summer,35.58,31.7,58.9,0.498,426.5,Membrane,43.6,2496.0,48.36,19970.67,412.93,1,23.32,7.822845290279774,0,2,0,57.24770642201835,11.27886
145,Summer,36.43,36.2,53.96,0.401,382.5,Wet,25.99,1434.5,43.06,12019.49,279.13,1,17.53,7.269268499561119,0,0,1,55.1943055021162,13.187660000000001
146,Summer,42.25,57.5,56.19,0.467,351.5,Steam,39.34,2329.5,55.35,18566.78,335.46,1,13.939999999999998,7.753838115812796,0,1,0,59.21453990849008,24.29375
147,Spring,28.17,25.0,44.09,0.404,384.1,Wet,31.21,1439.6,47.07,14434.48,306.65,1,15.920000000000002,7.272814972455262,3,0,1,46.12624158923422,7.0425
148,Winter,23.11,28.8,40.83,0.512,421.5,Steam,44.28,1858.6,48.39,20900.97,431.92,1,17.72,7.52811668981643,2,1,0,41.973803071364046,6.65568
149,Spring,35.65,48.1,47.42,0.415,398.6,Wet,40.91,2108.3,47.96,18920.38,394.49,1,11.770000000000003,7.654111417873225,3,0,0,51.535076998288936,17.14765
150,Winter,13.86,57.0,31.87,0.508,390.0,Membrane,16.44,540.1,35.87,7527.7,209.85,1,18.01,6.29360410464869,2,2,1,32.85279805352798,7.9002
151,Winter,19.97,47.8,39.47,0.485,375.7,Membrane,31.81,1263.5,42.49,14568.14,342.87,1,19.5,7.14243206611002,2,2,0,39.720213769254954,9.54566
152,Spring,22.99,50.7,45.21,0.4,413.8,Steam,35.28,1555.7,47.87,16651.13,347.83,1,22.220000000000002,7.350323475041804,3,1,0,44.09580498866213,11.655930000000001
153,Monsoon,26.76,82.8,44.61,0.436,428.1,Wet,36.03,1646.1,46.27,16664.71,360.16,1,17.849999999999998,7.40677144478863,1,0,0,45.68692756036636,22.15728
154,Monsoon,28.3,88.5,44.61,0.464,365.3,Wet,31.27,1452.8,43.74,14463.71,330.7,1,16.31,7.281936097050535,1,0,0,46.459865685960985,25.0455
155,Winter,13.31,66.6,36.44,0.435,389.1,Steam,16.91,589.8,43.51,7982.38,183.44,1,23.129999999999995,6.381477550657225,2,1,1,34.87876995860437,8.86446
156,Summer,35.53,54.0,56.4,0.467,422.5,Wet,33.72,1886.8,47.25,15593.6,330.02,1,20.869999999999997,7.543167408890844,0,0,0,55.954922894424676,19.1862
157,Summer,36.91,24.0,52.26,0.453,356.9,Steam,20.41,1114.3,44.97,9635.24,214.26,1,15.350000000000001,7.016878706000491,0,1,1,54.59578637922586,8.8584
158,Summer,40.53,20.0,47.75,0.502,373.1,Wet,25.63,1387.2,41.69,11851.63,284.26,1,7.219999999999999,7.235763222905484,0,0,1,54.12407335154116,8.106
159,Monsoon,28.11,89.5,38.26,0.426,419.0,Wet,28.21,1218.4,43.11,13048.68,302.67,1,10.149999999999999,7.106114213473716,1,0,1,43.19035802906771,25.15845
160,Spring,27.9,53.8,42.37,0.457,362.0,Membrane,39.67,1790.6,45.75,18168.67,397.11,1,14.469999999999999,7.490864354333145,3,2,0,45.13738341315855,15.010199999999998
161,Spring,22.22,42.5,41.74,0.513,362.8,Membrane,13.3,558.5,36.01,6092.21,169.2,1,19.520000000000003,6.32704352775198,3,2,1,41.992481203007515,9.443499999999998
162,Summer,35.27,23.3,55.74,0.457,384.6,Wet,22.07,1225.0,43.6,10207.06,234.1,1,20.47,7.111512116496157,0,0,1,55.505210693248756,8.21791
163,Winter,15.35,56.0,40.7,0.457,437.8,Membrane,22.97,873.4,39.11,10519.55,269.0,1,25.35,6.773537936862329,2,2,1,38.02350892468437,8.596
164,Summer,36.26,29.6,52.7,0.544,407.3,Membrane,23.29,1269.1,40.91,10668.74,260.78,1,16.440000000000005,7.146850916510274,0,2,1,54.491197939029625,10.73296
165,Spring,29.51,43.5,37.9,0.475,389.9,Wet,12.93,565.1,37.66,5979.77,158.77,1,8.389999999999997,6.338770741042614,3,0,1,43.704563031709206,12.836850000000002
166,Summer,37.57,34.3,60.99,0.517,362.2,Steam,22.0,1304.0,47.11,10383.57,220.41,1,23.42,7.173958319756794,0,1,1,59.27272727272727,12.886509999999998
167,Winter,16.85,52.4,45.6,0.409,449.5,Wet,20.61,849.7,42.0,9532.35,226.97,1,28.75,6.746059539981839,2,0,1,41.22755943716643,8.8294
168,Winter,14.15,48.3,24.91,0.504,411.8,Steam,19.95,589.1,41.44,9415.88,227.21,1,10.76,6.380292014063123,2,1,1,29.528822055137848,6.8344499999999995
169,Monsoon,26.92,76.6,40.59,0.533,395.0,Wet,41.79,1828.6,45.94,19328.51,420.76,1,13.670000000000002,7.511852642708571,1,0,0,43.75687963627662,20.620720000000002
170,Summer,39.67,34.0,57.23,0.437,363.4,Wet,36.52,2134.3,47.94,16888.23,352.26,1,17.559999999999995,7.6663624310138685,0,0,0,58.441949616648415,13.4878
171,Summer,33.23,34.8,44.24,0.416,404.8,Wet,29.58,1441.4,45.03,13679.21,303.8,1,11.010000000000005,7.274063671889108,0,0,1,48.72887085868831,11.564039999999999
172,Spring,26.05,55.5,43.65,0.498,431.1,Steam,46.42,2082.2,51.26,21912.13,427.48,1,17.599999999999998,7.64166045201425,3,1,0,44.85566566135286,14.45775
173,Monsoon,30.5,72.2,46.35,0.526,353.8,Membrane,35.74,1730.5,44.07,16367.43,371.4,1,15.850000000000001,7.4567433638424765,1,2,0,48.41913822048125,22.021
174,Winter,10.45,51.7,30.26,0.533,395.1,Membrane,27.96,848.7,39.95,12804.69,320.5,1,19.810000000000002,6.7448833460094955,2,2,0,30.354077253218886,5.4026499999999995
175,Winter,24.14,38.8,34.21,0.452,427.5,Steam,15.54,608.9,39.94,7335.94,183.65,1,10.07,6.413295009302411,2,1,1,39.18275418275418,9.36632
176,Monsoon,27.61,83.8,50.75,0.477,439.9,Steam,36.02,1771.6,49.19,17003.62,345.69,1,23.14,7.480202674304298,1,1,0,49.18378678511937,23.137179999999997
177,Summer,37.53,29.2,60.11,0.545,429.9,Wet,32.97,1939.2,46.69,15247.34,326.55,1,22.58,7.5705463395271835,0,0,0,58.817106460418564,10.95876
178,Winter,29.82,60.1,38.58,0.423,354.4,Wet,25.54,1128.7,39.83,11810.28,296.55,1,8.759999999999998,7.0297073897328834,2,0,1,44.19342208300705,17.92182
179,Monsoon,32.92,83.2,58.35,0.533,414.6,Wet,42.47,2363.2,47.86,19644.46,410.49,1,25.43,7.768194977316276,1,0,0,55.643983988697904,27.389440000000004
180,Summer,46.52,41.9,58.99,0.433,447.8,Steam,13.94,874.7,45.29,6579.16,145.28,1,12.469999999999999,6.775023566528179,0,1,1,62.74748923959828,19.491880000000002
181,Summer,34.8,34.1,58.01,0.509,431.8,Wet,38.38,2165.0,47.4,17751.15,374.48,1,23.21,7.680637427560936,0,0,0,56.40958832725377,11.866800000000001
182,Winter,22.02,65.2,35.03,0.492,360.6,Wet,43.58,1678.7,44.09,20154.36,457.12,1,13.010000000000002,7.426370485022957,2,0,0,38.51996328591097,14.35704
183,Monsoon,29.3,83.3,47.38,0.52,370.4,Steam,18.77,907.3,43.2,8858.92,205.06,1,18.080000000000002,6.811574720508168,1,1,1,48.337773042088436,24.4069
184,Summer,40.75,20.0,50.82,0.479,434.8,Membrane,38.98,2174.6,47.27,17854.51,377.73,1,10.07,7.685059767548806,0,2,0,55.7875833760903,8.15
185,Spring,33.61,45.5,55.14,0.531,449.6,Wet,43.9,2387.2,47.28,20305.16,429.44,1,21.53,7.778295223099284,3,0,0,54.37813211845102,15.292549999999999
186,Winter,19.97,44.5,28.66,0.4,367.8,Wet,25.96,890.7,41.75,12004.77,287.51,1,8.690000000000001,6.793129753140834,2,0,1,34.31047765793529,8.88665
187,Summer,36.98,29.4,56.88,0.487,406.1,Steam,40.98,2332.9,51.81,19342.37,373.34,1,19.900000000000006,7.755295967027176,0,1,0,56.92776964372865,10.872119999999997
188,Winter,13.04,59.6,32.93,0.504,424.6,Membrane,30.73,1013.7,39.3,14074.65,358.13,1,19.89,6.922348281285037,2,2,0,32.9873088187439,7.77184
189,Summer,36.79,26.6,64.96,0.433,409.8,Steam,35.13,2138.7,50.75,16582.47,326.76,1,28.169999999999995,7.668420911272905,0,1,0,60.8795900939368,9.78614
190,Summer,37.75,57.7,60.56,0.427,418.6,Membrane,46.21,2733.6,48.49,21164.76,436.49,1,22.810000000000002,7.913740451874982,0,2,0,59.156026834018604,21.781750000000002
191,Monsoon,25.87,86.1,49.57,0.445,444.1,Wet,42.31,2019.0,44.84,19568.19,436.42,1,23.7,7.61085279039525,1,0,0,47.71921531552824,22.274070000000002
192,Summer,27.14,27.0,46.51,0.541,420.6,Steam,44.74,2094.9,50.42,21116.36,418.81,1,19.369999999999997,7.647738334379114,0,1,0,46.823871256146624,7.3278
193,Spring,23.0,53.5,32.62,0.41,355.7,Wet,44.63,1687.3,45.71,20639.14,451.56,1,9.619999999999997,7.431477384483148,3,0,0,37.80640824557472,12.305
194,Spring,27.67,52.5,47.95,0.464,434.5,Wet,13.67,653.7,39.43,6324.23,160.4,1,20.28,6.484177115447046,3,0,1,47.820043891733725,14.526750000000002
195,Summer,46.13,20.0,73.58,0.452,440.0,Wet,32.17,2246.9,48.86,14876.8,304.5,1,27.449999999999996,7.717751726038375,0,0,1,69.84457569163817,9.226
196,Winter,23.8,50.5,36.48,0.518,412.4,Wet,38.11,1529.5,44.13,17623.84,399.39,1,12.679999999999996,7.333349758385467,2,0,0,40.133823143531885,12.019
197,Winter,12.68,56.0,22.34,0.452,361.4,Wet,42.62,1172.6,43.14,19712.76,456.95,1,9.66,7.067831226828772,2,0,0,27.51290473955889,7.1008
198,Winter,19.87,55.4,38.16,0.434,390.4,Steam,34.06,1329.1,47.86,16078.4,335.94,1,18.289999999999996,7.19300940635925,2,1,0,39.022313564298294,11.00798
199,Monsoon,28.69,88.5,37.65,0.469,391.2,Steam,30.45,1314.6,48.2,14372.45,298.19,1,8.959999999999997,7.1820481143149015,1,1,1,43.172413793103445,25.39065
200,Spring,28.36,49.8,47.55,0.519,399.7,Wet,39.3,1884.9,46.85,18177.78,387.97,1,19.189999999999998,7.5421604395183195,3,0,0,47.961832061068705,14.12328
201,Spring,23.81,46.4,32.04,0.468,448.5,Steam,28.7,1088.5,46.26,13547.12,292.88,1,8.23,6.993474154384675,3,1,1,37.926829268292686,11.047839999999999
202,Spring,24.19,34.8,33.01,0.52,387.2,Wet,27.88,1076.1,41.42,12893.85,311.3,1,8.819999999999997,6.982027523356725,3,0,1,38.59756097560975,8.41812
203,Spring,25.44,59.2,47.87,0.487,413.5,Steam,31.19,1455.1,47.1,14721.23,312.53,1,22.429999999999996,7.283516907716859,3,1,1,46.65277332478358,15.060480000000002
204,Monsoon,36.06,70.4,48.81,0.425,411.3,Wet,30.25,1586.4,44.57,13992.4,313.95,1,12.75,7.369852736656775,1,0,1,52.44297520661157,25.38624
205,Spring,28.45,53.0,46.61,0.423,394.0,Steam,40.93,1945.3,51.08,19318.83,378.18,1,18.16,7.573685413248529,3,1,0,47.527485951624726,15.078499999999998
206,Monsoon,26.83,84.7,47.9,0.509,382.3,Membrane,16.67,789.7,37.72,7636.58,202.48,1,21.07,6.672918629076881,1,2,1,47.37252549490102,22.725009999999997
207,Spring,29.39,55.8,54.91,0.412,423.1,Wet,31.47,1641.0,45.73,14554.22,318.23,1,25.519999999999996,7.403670290012373,3,0,0,52.144899904671114,16.39962
208,Winter,19.38,63.8,37.12,0.447,375.4,Membrane,20.8,795.5,37.78,9524.68,252.12,1,17.74,6.680227129350103,2,2,1,38.24519230769231,12.36444
209,Monsoon,34.92,79.7,55.88,0.512,415.1,Steam,28.97,1604.8,46.23,13672.11,295.71,1,20.96,7.381377353750584,1,1,1,55.39523645150155,27.83124
210,Winter,15.55,58.6,29.59,0.447,350.4,Steam,47.7,1553.8,49.46,22515.69,455.24,1,14.04,7.349102198978068,2,1,0,32.57442348008385,9.1123
211,Winter,16.11,43.0,40.63,0.405,380.4,Steam,39.58,1518.6,47.43,18680.97,393.9,1,24.520000000000003,7.326202421313471,2,1,0,38.367862556846895,6.9273
212,Winter,22.3,59.2,32.45,0.4,366.9,Wet,25.74,961.9,40.89,11903.84,291.11,1,10.150000000000002,6.869949564246238,2,0,1,37.369852369852374,13.201600000000001
213,Winter,12.93,52.7,33.94,0.406,424.0,Membrane,22.52,753.0,36.94,10314.09,279.24,1,21.009999999999998,6.625392368007956,2,2,1,33.43694493783304,6.81411
214,Winter,20.7,65.6,41.41,0.526,448.2,Steam,31.18,1280.0,45.97,14715.23,320.08,1,20.709999999999997,7.155396301896734,2,1,0,41.051956382296346,13.579199999999998
215,Spring,38.46,53.7,50.3,0.414,374.2,Wet,33.54,1823.9,48.37,15512.65,320.68,1,11.839999999999996,7.50928046999477,3,0,0,54.379844961240316,20.65302
216,Winter,21.73,44.4,35.35,0.49,356.4,Membrane,24.25,934.8,41.24,11108.61,269.36,1,13.620000000000001,6.8414017784321155,2,2,1,38.54845360824742,9.64812
217,Spring,28.57,50.8,47.72,0.549,435.6,Steam,33.56,1616.0,48.16,15841.84,328.92,1,19.15,7.388327859577107,3,1,0,48.152562574493444,14.51356
218,Summer,38.73,52.1,49.58,0.405,436.9,Wet,37.0,2003.6,45.56,17112.6,375.63,1,10.850000000000001,7.603199818590766,0,0,0,54.15135135135135,20.17833
219,Winter,17.45,53.4,30.62,0.491,413.1,Steam,30.45,1036.3,46.4,14370.09,309.69,1,13.170000000000002,6.944376462437782,2,1,1,34.03284072249589,9.318299999999999
220,Spring,31.64,43.3,53.73,0.546,376.3,Wet,21.68,1142.3,43.61,10028.17,229.97,1,22.089999999999996,7.041674096547924,3,0,1,52.68911439114391,13.70012
221,Monsoon,29.35,81.5,43.74,0.407,364.0,Wet,29.35,1366.3,41.27,13575.98,328.99,1,14.39,7.220593271315036,1,0,0,46.55195911413969,23.92025
222,Spring,15.41,35.5,25.68,0.471,409.1,Steam,42.0,1282.9,46.34,19823.72,427.77,1,10.27,7.157657599597038,3,1,0,30.545238095238098,5.470549999999999
223,Winter,21.88,58.8,30.42,0.477,379.3,Membrane,34.21,1236.8,43.55,15670.19,359.85,1,8.540000000000003,7.121090889305261,2,2,0,36.15317158725519,12.86544
224,Spring,33.19,50.9,44.17,0.486,353.0,Steam,45.46,2213.0,50.73,21456.82,422.94,1,10.980000000000004,7.7025561132685825,3,1,0,48.68015838099428,16.89371
225,Winter,12.38,65.0,39.39,0.507,410.8,Wet,41.56,1491.5,44.38,19222.95,433.13,1,27.009999999999998,7.308207845266757,2,0,0,35.88787295476419,8.047
226,Spring,32.05,55.4,56.3,0.406,437.2,Wet,35.86,1942.5,46.89,16583.36,353.65,1,24.25,7.572245750292278,3,0,0,54.16899051868377,17.755699999999997
227,Spring,23.91,48.7,43.31,0.412,385.5,Membrane,25.03,1091.4,41.06,11463.34,279.22,1,19.400000000000002,6.99613238959955,3,2,1,43.60367558929285,11.64417
228,Winter,18.28,85.6,32.57,0.421,361.6,Wet,38.68,1370.1,45.48,17887.34,393.34,1,14.29,7.22336861636261,2,0,0,35.42140641158221,15.647680000000001
229,Monsoon,30.35,71.4,45.01,0.473,407.7,Wet,24.35,1161.2,41.87,11263.74,269.01,1,14.659999999999997,7.058070039641005,1,0,1,47.68788501026694,21.669900000000002
230,Winter,23.24,51.0,41.1,0.461,357.8,Steam,20.15,849.6,42.59,9508.93,223.25,1,17.860000000000003,6.7459419828195335,2,1,1,42.16377171215881,11.8524
231,Spring,17.22,48.7,37.7,0.448,408.2,Wet,36.78,1377.9,44.95,17011.94,378.43,1,20.480000000000004,7.229041358847695,3,0,0,37.46329526916803,8.386140000000001
232,Winter,11.67,55.5,25.7,0.497,354.5,Steam,30.62,878.3,45.5,14452.93,317.67,1,14.03,6.779126136384956,2,1,1,28.683866753755712,6.47685
233,Winter,15.51,68.3,33.13,0.491,386.5,Wet,36.78,1262.3,41.88,17009.77,406.18,1,17.620000000000005,7.141482623835992,2,0,0,34.32028276237085,10.593329999999998
234,Summer,38.11,39.2,53.51,0.42,359.9,Wet,26.24,1464.3,43.45,12133.98,279.27,1,15.399999999999999,7.28981527864398,0,0,1,55.80411585365854,14.93912
235,Summer,36.23,40.6,58.94,0.417,445.6,Wet,41.76,2404.7,47.97,19314.68,402.64,1,22.71,7.785596200481093,0,0,0,57.5838122605364,14.70938
236,Summer,38.81,27.2,62.0,0.423,353.1,Membrane,29.2,1764.0,43.19,13375.26,309.71,1,23.189999999999998,7.475905969367397,0,2,1,60.41095890410959,10.556320000000001
237,Summer,38.49,32.8,48.92,0.445,375.9,Wet,21.73,1167.0,44.16,10049.62,227.58,1,10.43,7.0630481633881725,0,0,1,53.70455591348366,12.62472
238,Spring,28.85,62.6,47.35,0.425,408.3,Membrane,19.46,936.2,40.62,8914.11,219.46,1,18.5,6.842896706633641,3,2,1,48.10894141829394,18.060100000000002
239,Monsoon,32.57,93.8,44.35,0.493,370.1,Wet,31.55,1528.8,47.14,14591.36,309.52,1,11.780000000000001,7.332892286887765,1,0,1,48.45641838351822,30.550659999999997
240,Winter,19.29,42.8,34.94,0.49,385.3,Wet,31.78,1179.4,42.96,14696.22,342.08,1,15.649999999999999,7.073608643068784,2,0,0,37.11139081183134,8.25612
241,Summer,36.42,33.8,50.86,0.547,398.3,Membrane,22.29,1195.6,40.27,10208.0,253.51,1,14.439999999999998,7.087239480955931,0,2,1,53.63840287124271,12.309959999999998
242,Summer,30.74,54.4,57.61,0.491,441.9,Wet,28.42,1539.4,47.38,13142.05,277.39,1,26.87,7.3397974019407535,0,0,1,54.166080225193525,16.722559999999998
243,Winter,12.16,61.7,31.13,0.43,360.9,Membrane,44.15,1397.1,43.0,20221.27,470.3,1,18.97,7.242869450993779,2,2,0,31.644394110985278,7.50272
244,Winter,12.49,44.8,37.19,0.405,447.2,Wet,45.45,1583.5,47.75,21022.14,440.23,1,24.699999999999996,7.368024179130975,2,0,0,34.84048404840484,5.5955200000000005
245,Summer,39.84,46.5,57.7,0.442,371.1,Membrane,36.37,2137.3,45.57,16655.43,365.51,1,17.86,7.66776639979559,0,2,0,58.76546604344241,18.5256
246,Summer,37.51,31.4,59.68,0.495,356.9,Wet,41.13,2409.9,48.76,19022.9,390.13,1,22.17,7.7877554007552545,0,0,0,58.59226841721371,11.778139999999999
247,Winter,21.36,54.7,32.32,0.412,390.8,Wet,16.0,589.2,36.3,7398.12,203.82,1,10.96,6.380461462508839,2,0,1,36.825,11.68392
248,Spring,36.63,56.7,46.1,0.401,360.1,Membrane,42.31,2173.3,46.17,19380.12,419.74,1,9.469999999999999,7.684462052641013,3,2,0,51.36610730323801,20.76921
249,Monsoon,25.15,83.7,49.07,0.444,373.2,Wet,26.58,1252.4,42.38,12294.96,290.08,1,23.92,7.133615137790575,1,0,1,47.1181339352897,21.050549999999998
250,Winter,18.3,50.9,27.71,0.526,404.9,Wet,26.98,890.5,39.73,12478.42,314.05,1,9.41,6.792905437303195,2,0,1,33.00593031875463,9.3147
251,Winter,20.92,20.0,34.05,0.488,412.5,Wet,37.7,1413.3,44.4,17437.31,392.74,1,13.129999999999995,7.254389988026454,2,0,0,37.48806366047745,4.184
252,Spring,22.58,39.8,36.78,0.484,362.0,Membrane,17.71,702.7,36.37,8111.39,223.01,1,14.200000000000003,6.556352128972503,3,2,1,39.67814793901751,8.986839999999999
253,Summer,41.74,28.7,51.37,0.441,420.7,Wet,20.89,1181.3,42.8,9659.62,225.7,1,9.629999999999995,7.075216972869067,0,0,1,56.548587841072276,11.97938
254,Summer,37.32,36.5,66.63,0.485,436.7,Steam,27.21,1686.1,49.78,12841.16,257.96,1,29.309999999999995,7.430766357611929,0,1,1,61.96618890113928,13.6218
255,Winter,17.15,58.2,25.63,0.474,388.8,Steam,18.01,565.4,39.83,8500.87,213.41,1,8.48,6.33930054237951,2,1,1,31.393670183231535,9.9813
256,Summer,37.33,37.0,50.47,0.442,363.0,Steam,29.11,1569.3,48.49,13742.11,283.4,1,13.14,7.359021962890908,0,1,1,53.90930951563037,13.812100000000001
257,Winter,13.15,21.0,20.92,0.469,370.9,Wet,39.63,1071.4,42.04,18330.0,436.03,1,7.770000000000001,6.977654406361804,2,0,0,27.03507443855665,2.7615000000000003
258,Monsoon,23.51,95.7,42.92,0.508,387.1,Membrane,40.66,1757.2,45.48,18624.41,409.46,1,19.41,7.472045837417078,1,2,0,43.21692080668963,22.499070000000003
259,Spring,27.18,41.3,46.23,0.497,389.5,Steam,22.35,1043.7,46.66,10547.66,226.03,1,19.049999999999997,6.951485041843462,3,1,1,46.697986577181204,11.22534
260,Winter,23.01,61.2,35.91,0.517,404.4,Wet,44.8,1767.8,46.53,20719.29,445.3,1,12.899999999999995,7.478056629543237,2,0,0,39.45982142857143,14.082120000000002
261,Monsoon,32.44,83.3,44.94,0.461,403.1,Steam,46.69,2273.0,48.22,22035.78,457.0,1,12.5,7.729295674310482,1,1,0,48.68280145641465,27.022519999999997
262,Spring,35.06,44.5,52.5,0.468,376.7,Wet,32.71,1759.2,45.66,15129.67,331.38,1,17.439999999999998,7.473182717939712,3,0,0,53.78171812901253,15.601700000000001
263,Summer,35.23,31.5,48.19,0.403,379.3,Steam,25.38,1312.6,46.41,11980.59,258.12,1,12.96,7.1805267386981635,0,1,1,51.71788810086682,11.097449999999998
264,Spring,37.41,57.9,61.14,0.482,437.9,Steam,33.82,2004.8,49.28,15963.64,323.91,1,23.730000000000004,7.603798262654108,3,1,0,59.27853341218214,21.660389999999996
265,Winter,14.67,50.3,30.71,0.434,374.7,Wet,14.08,460.3,35.21,6513.11,184.96,1,16.04,6.134048590563775,2,0,1,32.69176136363637,7.379009999999999
266,Monsoon,36.38,88.5,53.94,0.497,406.1,Steam,34.31,1892.6,48.59,16194.53,333.28,1,17.559999999999995,7.546235058199774,1,1,0,55.1617604197027,32.1963
267,Summer,34.24,40.0,56.44,0.458,417.4,Wet,22.46,1242.9,44.54,10386.9,233.18,1,22.199999999999996,7.126006884215919,0,0,1,55.33837934105076,13.696000000000002
268,Spring,24.47,50.6,36.7,0.503,419.0,Membrane,13.6,552.1,33.62,6230.77,185.32,1,12.230000000000004,6.315538817000633,3,2,1,40.59558823529412,12.38182
269,Monsoon,27.84,85.0,43.26,0.502,357.6,Wet,31.68,1442.8,42.39,14650.51,345.62,1,15.419999999999998,7.2750338057050605,1,0,0,45.542929292929294,23.664
270,Summer,47.16,20.0,58.01,0.53,398.1,Membrane,47.82,2992.6,45.98,21901.25,476.32,1,10.850000000000001,8.004231955519826,0,2,0,62.58051024675868,9.431999999999999
271,Spring,30.99,34.0,56.43,0.466,409.4,Wet,18.84,1012.1,42.13,8715.29,206.87,1,25.44,6.920770216059632,3,0,1,53.7208067940552,10.536599999999998
272,Winter,13.89,70.8,30.4,0.505,389.5,Membrane,42.75,1374.2,41.88,19580.41,467.48,1,16.509999999999998,7.226354454068639,2,2,0,32.14502923976608,9.83412
273,Monsoon,33.14,96.1,41.47,0.424,406.5,Steam,12.33,583.1,42.18,5817.58,137.91,1,8.329999999999998,6.370072201046264,1,1,1,47.2911597729116,31.84754
274,Summer,41.58,20.0,54.12,0.521,354.6,Membrane,41.1,2377.4,46.02,18822.85,409.0,1,12.54,7.774183271683888,0,2,0,57.84428223844282,8.315999999999999
275,Summer,34.73,56.0,61.16,0.418,378.9,Wet,13.62,789.0,39.34,6297.77,160.1,1,26.43,6.672032945461067,0,0,1,57.929515418502206,19.4488
276,Summer,47.03,31.9,57.74,0.414,353.3,Wet,34.39,2145.6,45.23,15906.96,351.72,1,10.71,7.6716404740474236,0,0,0,62.39022971794126,15.00257
277,Summer,44.44,27.9,51.34,0.538,360.2,Steam,13.3,769.7,42.22,6276.03,148.64,1,6.900000000000006,6.647299192783947,0,1,1,57.87218045112782,12.39876
278,Summer,39.77,26.4,54.72,0.434,393.1,Steam,23.75,1359.4,47.16,11209.14,237.7,1,14.949999999999996,7.21553405313304,0,1,1,57.23789473684211,10.49928
279,Winter,18.87,52.7,34.17,0.517,397.6,Wet,18.7,682.9,39.61,8649.16,218.35,1,15.3,6.527811708104051,2,0,1,36.518716577540104,9.94449
280,Winter,15.85,56.0,32.94,0.495,386.4,Wet,15.42,530.4,37.61,7132.63,189.63,1,17.089999999999996,6.275515033325713,2,0,1,34.39688715953307,8.876
281,Spring,31.72,40.5,40.15,0.531,403.9,Wet,16.6,762.7,39.87,7678.98,192.58,1,8.43,6.638175041894338,3,0,1,45.94578313253012,12.846599999999999
282,Monsoon,37.27,91.9,46.83,0.409,386.2,Steam,12.36,643.5,42.74,5835.46,136.55,1,9.559999999999995,6.468474822379242,1,1,1,52.06310679611651,34.25113
283,Monsoon,29.51,90.4,42.74,0.511,434.8,Wet,37.65,1736.8,44.41,17415.15,392.16,1,13.23,7.460375224405106,1,0,0,46.13014608233732,26.67704
284,Winter,14.92,50.5,35.1,0.451,450.0,Wet,31.53,1103.8,41.83,14582.14,348.64,1,20.18,7.007419602095083,2,0,0,35.007928956549314,7.5346
285,Winter,12.81,76.6,23.78,0.425,428.1,Steam,21.55,609.8,41.58,10172.42,244.64,1,10.97,6.414769573344477,2,1,1,28.296983758700694,9.81246
286,Spring,28.72,54.9,40.55,0.419,406.0,Steam,47.01,2098.2,49.31,22187.36,449.92,1,11.829999999999998,7.64931159874977,3,1,0,44.63305679642629,15.767279999999998
287,Winter,17.09,51.2,31.96,0.538,419.5,Steam,41.05,1417.5,49.86,19377.75,388.67,1,14.870000000000001,7.257355254248906,2,1,0,34.53105968331303,8.75008
288,Summer,36.53,30.4,55.47,0.5,365.7,Wet,27.67,1549.6,42.64,12798.15,300.14,1,18.939999999999998,7.3463972317848585,0,0,1,56.002891217925544,11.10512
289,Monsoon,31.48,88.6,40.5,0.51,388.4,Wet,37.33,1717.0,45.06,17266.6,383.23,1,9.02,7.4489161025442,1,0,0,45.99517814090544,27.89128
290,Monsoon,30.16,100.0,42.85,0.506,403.4,Steam,29.36,1365.4,47.91,13858.64,289.24,1,12.690000000000001,7.219934823034306,1,1,1,46.50544959128066,30.16
291,Summer,36.79,30.2,51.47,0.444,437.1,Steam,34.5,1867.2,48.82,16281.86,333.54,1,14.68,7.532730679438749,0,1,0,54.12173913043478,11.11058
292,Winter,11.27,63.2,21.02,0.424,368.7,Wet,26.82,701.3,38.58,12404.06,321.53,1,9.75,6.5543606631649745,2,0,0,26.148396718866515,7.1226400000000005
293,Spring,31.51,43.1,45.06,0.518,378.6,Wet,14.04,677.8,38.27,6492.15,169.66,1,13.55,6.5203265333600715,3,0,1,48.27635327635328,13.580810000000001
294,Winter,18.82,54.5,43.03,0.518,423.3,Wet,33.64,1376.8,43.94,15558.36,354.06,1,24.21,7.228243303159095,2,0,0,40.92746730083234,10.2569
295,Monsoon,29.2,83.2,43.37,0.511,420.5,Wet,21.51,995.7,40.34,9950.2,246.67,1,14.169999999999998,6.904449821973411,1,0,1,46.290097629009765,24.2944
296,Monsoon,35.12,86.0,50.33,0.495,405.0,Steam,18.2,959.4,46.78,8588.5,183.61,1,15.21,6.867349864347098,1,1,1,52.714285714285715,30.203199999999995
297,Winter,14.86,73.0,29.75,0.44,351.5,Membrane,37.44,1209.4,43.26,17146.91,396.36,1,14.89,7.098706162474146,2,2,0,32.30235042735043,10.8478
298,Spring,31.89,75.2,43.15,0.437,350.2,Wet,34.04,1617.6,43.5,15744.1,361.95,1,11.259999999999998,7.389316857061601,3,0,0,47.52056404230317,23.98128
299,Summer,43.72,32.7,59.69,0.487,375.3,Wet,42.23,2606.0,48.9,19532.7,399.45,1,15.969999999999999,7.865955413933502,0,0,0,61.70968505801563,14.29644
300,Monsoon,27.51,90.6,48.2,0.5,399.8,Steam,15.03,719.4,42.83,7096.45,165.68,1,20.69,6.579806613301801,1,1,1,47.86427145708583,24.92406
301,Spring,29.49,66.8,42.3,0.401,408.9,Steam,37.71,1730.4,48.67,17797.18,365.69,1,12.809999999999999,7.456685608781673,3,1,0,45.88703261734288,19.699319999999997
302,Spring,33.3,55.1,41.88,0.408,441.2,Wet,14.78,703.2,38.44,6834.47,177.8,1,8.580000000000005,6.557062406720952,3,0,1,47.57780784844385,18.3483
303,Monsoon,32.09,90.5,53.32,0.501,358.1,Membrane,41.63,2194.0,48.19,19065.36,395.6,1,21.229999999999997,7.693937325509272,1,2,0,52.702378092721595,29.041450000000005
304,Winter,22.58,46.7,37.77,0.46,401.4,Wet,39.75,1596.9,43.48,18382.86,422.79,1,15.190000000000005,7.376445546145343,2,0,0,40.17358490566038,10.544859999999998
305,Winter,16.3,34.4,35.01,0.455,439.5,Steam,34.69,1236.9,46.98,16373.16,348.51,1,18.709999999999997,7.121171674537765,2,1,0,35.65580859037187,5.607200000000001
306,Winter,23.27,60.2,39.8,0.475,403.5,Wet,30.0,1246.2,43.76,13876.33,317.13,1,16.529999999999998,7.128656317743567,2,0,1,41.54,14.00854
307,Summer,43.37,35.3,60.37,0.408,399.1,Membrane,26.75,1654.9,41.91,12250.66,292.33,1,17.0,7.412099946648438,0,2,1,61.865420560747665,15.309609999999997
308,Monsoon,32.21,83.7,55.79,0.417,401.6,Steam,37.94,2048.8,50.32,17907.85,355.85,1,23.58,7.625497506397463,1,1,0,54.00105429625726,26.959770000000002
309,Spring,34.34,39.9,47.27,0.437,401.5,Steam,41.83,2125.0,49.52,19742.82,398.69,1,12.93,7.661997558901893,3,1,0,50.80086062634473,13.701660000000002
310,Summer,36.03,40.7,48.59,0.521,428.6,Steam,20.34,1064.2,46.23,9602.47,207.71,1,12.560000000000002,6.970917853939778,0,1,1,52.320550639134716,14.66421
311,Monsoon,29.14,86.4,56.03,0.429,435.9,Steam,38.94,2047.7,54.15,18380.06,339.41,1,26.89,7.624960724635153,1,1,0,52.58602978941963,25.176960000000005
312,Summer,28.71,24.3,47.45,0.508,388.5,Wet,43.07,2070.7,48.91,19918.49,407.23,1,18.740000000000002,7.636124805251843,0,0,0,48.077548177385644,6.97653
313,Monsoon,30.48,82.8,46.58,0.453,360.5,Wet,20.83,1011.1,42.08,9635.12,228.99,1,16.099999999999998,6.919782659194856,1,0,1,48.540566490638504,25.237440000000003
314,Winter,13.92,44.2,32.5,0.45,424.9,Steam,39.14,1299.8,47.48,18473.68,389.06,1,18.58,7.170734738793546,2,1,0,33.20899335717935,6.15264
315,Spring,31.96,41.3,48.96,0.475,391.2,Membrane,16.15,815.1,39.33,7398.63,188.13,1,17.0,6.704536896475197,3,2,1,50.47058823529412,13.19948
316,Summer,41.03,34.9,60.2,0.466,448.0,Steam,36.44,2208.9,51.81,17199.83,332.0,1,19.17,7.70070254461926,0,1,0,60.617453347969274,14.319469999999999
317,Winter,24.67,54.5,32.26,0.484,412.8,Steam,38.04,1463.4,47.03,17956.75,381.79,1,7.589999999999996,7.289200881246082,2,1,0,38.47003154574133,13.445150000000002
318,Spring,26.88,66.3,40.85,0.531,370.3,Wet,30.38,1332.5,43.29,14050.85,324.61,1,13.970000000000002,7.195562343622069,3,0,0,43.86109282422647,17.82144
319,Winter,24.08,45.4,32.68,0.458,430.4,Membrane,43.58,1672.7,44.22,19961.75,451.45,1,8.600000000000001,7.422792023519593,2,2,0,38.382285452042225,10.932319999999999
320,Spring,30.86,42.5,46.93,0.527,404.6,Membrane,47.61,2328.0,46.79,21806.22,466.03,1,16.07,7.753194269884341,3,2,0,48.89729048519219,13.115499999999999
321,Winter,15.14,39.9,34.64,0.41,387.0,Wet,37.52,1309.0,41.82,17350.95,414.94,1,19.5,7.177782416195197,2,0,0,34.88805970149254,6.04086
322,Winter,23.55,50.1,31.39,0.526,387.3,Steam,13.75,515.3,37.82,6490.79,171.64,1,7.84,6.2466879918856035,2,1,1,37.47636363636364,11.79855
323,Monsoon,35.46,90.6,54.7,0.52,401.8,Wet,38.72,2132.7,48.34,17908.52,370.51,1,19.240000000000002,7.665612840910838,1,0,0,55.08006198347107,32.12676
324,Winter,11.84,70.7,26.08,0.459,365.9,Wet,39.87,1154.7,42.77,18442.14,431.22,1,14.239999999999998,7.052461499981396,2,0,0,28.961625282167045,8.370880000000001
325,Monsoon,33.49,84.3,43.84,0.507,377.1,Wet,19.74,960.4,39.71,9128.3,229.9,1,10.350000000000001,6.86839055545986,1,0,1,48.65248226950355,28.23207
326,Monsoon,31.2,90.2,44.27,0.512,405.8,Steam,28.23,1347.5,47.21,13323.59,282.23,1,13.070000000000004,7.206748142579785,1,1,1,47.73290825363089,28.142400000000002
327,Monsoon,31.63,76.3,42.01,0.541,413.6,Wet,37.01,1732.6,46.84,17115.77,365.44,1,10.379999999999999,7.4579554502221495,1,0,0,46.814374493380164,24.133689999999998
328,Summer,42.16,40.0,67.14,0.409,427.7,Membrane,40.32,2606.8,48.64,18467.25,379.66,1,24.980000000000004,7.866262232989372,0,2,0,64.65277777777779,16.863999999999997
329,Summer,41.27,30.4,54.68,0.439,353.4,Membrane,13.4,777.0,38.23,6138.69,160.56,1,13.409999999999997,6.656726524178391,0,2,1,57.98507462686567,12.54608
330,Monsoon,28.93,96.4,47.19,0.43,401.4,Steam,15.4,740.0,43.52,7266.81,166.96,1,18.259999999999998,6.608000625296087,1,1,1,48.05194805194805,27.888520000000003
331,Summer,40.36,42.6,53.74,0.529,449.8,Wet,16.68,951.7,41.83,7715.84,184.46,1,13.380000000000003,6.8593000587127335,0,0,1,57.05635491606715,17.19336
332,Spring,27.05,49.6,44.48,0.412,381.2,Wet,37.42,1712.4,44.75,17307.54,386.75,1,17.429999999999996,7.446234979529944,3,0,0,45.761624799572424,13.4168
333,Spring,26.0,60.7,52.86,0.494,436.4,Steam,39.24,1939.7,52.57,18522.36,352.32,1,26.86,7.5708040117180495,3,1,0,49.43170234454638,15.782
334,Winter,13.81,59.9,27.31,0.487,406.9,Membrane,34.27,1047.0,40.02,15694.27,392.12,1,13.499999999999998,6.954638864880987,2,2,0,30.551502772103877,8.27219
335,Summer,46.88,41.3,64.79,0.489,355.3,Wet,25.43,1674.3,46.56,11762.49,252.62,1,17.910000000000004,7.423747532699487,0,0,1,65.83955957530476,19.36144
336,Winter,19.01,62.8,33.49,0.408,414.4,Membrane,38.92,1410.8,42.54,17825.63,419.04,1,14.48,7.252620764961372,2,2,0,36.248715313463514,11.938279999999999
337,Spring,34.39,46.0,52.31,0.5,433.7,Wet,33.95,1811.3,48.3,15701.46,325.1,1,17.92,7.502352035812805,3,0,0,53.351988217967595,15.8194
338,Winter,10.0,30.4,38.79,0.503,441.0,Steam,33.04,1136.6,46.51,15595.82,335.3,1,28.79,7.036676059048976,2,1,0,34.40072639225181,3.04
339,Monsoon,33.12,99.0,41.17,0.453,355.2,Wet,33.85,1595.8,47.01,15654.0,332.97,1,8.050000000000004,7.3757569055572,1,0,0,47.143279172821266,32.788799999999995
340,Spring,32.05,39.2,47.09,0.49,400.2,Membrane,40.8,2022.6,45.05,18687.61,414.81,1,15.040000000000006,7.612633382417781,3,2,0,49.57352941176471,12.5636
341,Summer,35.45,37.9,44.66,0.47,434.7,Wet,47.11,2358.4,48.26,21789.46,451.48,1,9.209999999999994,7.766162628407742,0,0,0,50.06155805561452,13.435550000000001
342,Summer,40.92,38.2,51.39,0.446,405.2,Steam,29.1,1633.9,48.68,13734.37,282.16,1,10.469999999999999,7.3993369193813665,0,1,1,56.14776632302406,15.631440000000003
343,Spring,24.14,49.4,35.73,0.442,429.8,Wet,16.67,665.7,38.88,7709.15,198.27,1,11.589999999999996,6.502340169624015,3,0,1,39.93401319736053,11.92516
344,Winter,10.93,39.4,37.42,0.445,447.5,Wet,14.75,504.2,37.16,6823.39,183.62,1,26.490000000000002,6.224954390476336,2,0,1,34.18305084745763,4.30642
345,Monsoon,34.5,86.9,47.6,0.476,364.4,Steam,14.96,763.8,41.6,7061.97,169.75,1,13.100000000000001,6.639614361737191,1,1,1,51.05614973262031,29.980500000000003
346,Winter,17.8,57.3,29.03,0.507,378.2,Wet,31.7,1059.1,42.14,14661.5,347.95,1,11.23,6.966118522279052,2,0,0,33.41009463722397,10.199399999999999
347,Spring,22.8,47.2,38.45,0.429,398.9,Steam,42.18,1713.5,50.2,19907.21,396.6,1,15.650000000000002,7.446876771902975,3,1,0,40.6235182550972,10.761600000000001
348,Winter,19.03,51.9,42.72,0.418,419.9,Wet,44.04,1800.0,46.12,20366.56,441.63,1,23.689999999999998,7.496097345175956,2,0,0,40.87193460490463,9.876570000000001
349,Summer,43.38,31.5,59.82,0.497,373.0,Steam,17.08,1052.4,48.6,8063.67,165.92,1,16.439999999999998,6.959778307049289,0,1,1,61.61592505854802,13.6647
350,Monsoon,29.35,86.8,49.81,0.528,399.1,Wet,32.76,1624.2,42.81,15150.62,353.9,1,20.46,7.393386164113572,1,0,0,49.578754578754584,25.4758
351,Monsoon,32.8,94.7,53.96,0.455,358.7,Steam,18.3,977.0,44.18,8639.69,195.54,1,21.160000000000004,6.885509670034818,1,1,1,53.3879781420765,31.0616
352,Summer,47.92,57.7,57.71,0.488,425.2,Steam,25.56,1605.2,47.75,12062.0,252.6,1,9.79,7.381626419754362,0,1,1,62.80125195618154,27.649840000000005
353,Summer,34.49,27.9,45.96,0.473,442.1,Wet,20.57,1033.4,41.42,9515.14,229.71,1,11.469999999999999,6.941576827457648,0,0,1,50.238210986874094,9.62271
354,Winter,21.71,67.0,48.17,0.492,426.0,Steam,25.53,1147.2,45.79,12049.68,263.14,1,26.46,7.045950777733537,2,1,1,44.93537015276146,14.545700000000002
355,Winter,27.26,56.7,36.98,0.492,441.1,Steam,13.26,558.4,37.88,6257.22,165.19,1,9.719999999999995,6.32686478076786,2,1,1,42.11161387631976,15.456420000000001
356,Summer,34.89,41.9,47.64,0.45,396.6,Steam,45.21,2317.4,52.59,21336.87,405.7,1,12.75,7.748632571566418,0,1,0,51.25857111258571,14.618910000000001
357,Monsoon,34.67,96.4,54.18,0.419,427.3,Wet,45.45,2473.4,47.81,21020.26,439.7,1,19.509999999999998,7.81375322137086,1,0,0,54.420242024202416,33.42188000000001
358,Monsoon,25.7,76.5,38.89,0.512,393.1,Wet,22.53,952.8,39.62,10420.4,262.98,1,13.190000000000001,6.860454005864124,1,0,1,42.29027962716378,19.6605
359,Spring,22.98,48.8,50.54,0.492,417.8,Wet,43.85,2050.7,47.34,20282.84,428.45,1,27.56,7.62642399677216,3,0,0,46.76624857468642,11.21424
360,Spring,31.39,47.5,45.02,0.451,395.6,Steam,27.68,1334.4,46.43,13066.48,281.4,1,13.630000000000003,7.1969861514237685,3,1,1,48.20809248554914,14.910250000000001
361,Monsoon,32.64,84.1,45.02,0.439,384.3,Membrane,25.41,1240.9,41.0,11637.93,283.82,1,12.380000000000003,7.124397743953987,1,2,1,48.83510428964975,27.450239999999997
362,Spring,25.61,45.7,40.57,0.436,421.0,Wet,44.88,1933.7,45.05,20755.32,460.74,1,14.96,7.567707554684441,3,0,0,43.08600713012478,11.703769999999999
363,Winter,22.27,43.6,38.88,0.46,438.5,Membrane,36.88,1496.3,45.52,16890.13,371.04,1,16.610000000000003,7.3114187651436735,2,2,0,40.57212581344902,9.709719999999999
364,Summer,44.68,30.6,57.16,0.541,410.4,Membrane,29.49,1796.5,45.27,13506.16,298.36,1,12.479999999999997,7.494152089595202,0,2,1,60.91895557816209,13.672080000000001
365,Monsoon,27.8,91.2,48.74,0.465,366.4,Wet,24.38,1177.0,40.8,11276.9,276.38,1,20.94,7.071573364211532,1,0,1,48.27727645611157,25.3536
366,Winter,18.22,51.9,35.42,0.416,437.3,Steam,32.18,1184.8,47.28,15189.37,321.26,1,17.200000000000003,7.078172931273267,2,1,0,36.81789931634555,9.45618
367,Monsoon,27.85,76.0,44.08,0.418,448.1,Wet,38.6,1774.3,48.85,17852.13,365.47,1,16.229999999999997,7.481724701712752,1,0,0,45.96632124352331,21.166
368,Spring,32.94,53.2,53.35,0.433,437.3,Steam,20.86,1108.9,47.43,9848.18,207.64,1,20.410000000000004,7.012025200157934,3,1,1,53.15915627996166,17.524079999999998
369,Winter,16.22,54.2,30.87,0.452,355.0,Wet,20.15,676.1,38.97,9321.59,239.21,1,14.650000000000002,6.517818972491599,2,0,1,33.55334987593052,8.79124
370,Winter,12.62,57.7,33.01,0.503,439.8,Steam,40.58,1331.7,45.79,19154.45,418.28,1,20.39,7.194962238585681,2,1,0,32.816658452439626,7.28174
371,Monsoon,30.59,72.8,52.72,0.526,372.1,Wet,25.85,1335.2,40.34,11953.77,296.35,1,22.13,7.197585043491377,1,0,1,51.65183752417795,22.269519999999996
372,Summer,34.52,28.4,52.35,0.403,417.9,Wet,45.74,2444.0,47.14,21152.86,448.74,1,17.83,7.801800401908973,0,0,0,53.43244425010931,9.80368
373,Winter,13.89,56.9,23.94,0.484,421.5,Wet,34.06,984.8,41.42,15753.05,380.28,1,10.05,6.893453494271277,2,0,0,28.913681738109215,7.90341
374,Winter,18.38,52.8,27.98,0.497,373.1,Steam,23.51,780.0,44.14,11095.53,251.39,1,9.600000000000001,6.660575149839686,2,1,1,33.17737133134836,9.70464
375,Monsoon,29.58,82.7,41.96,0.462,417.6,Steam,18.54,848.7,42.76,8752.79,204.69,1,12.380000000000003,6.7448833460094955,1,1,1,45.77669902912622,24.46266
376,Winter,15.81,48.5,38.74,0.478,421.0,Wet,21.44,799.3,40.81,9918.01,243.05,1,22.93,6.684986657373001,2,0,1,37.28078358208955,7.66785
377,Winter,15.52,71.4,32.43,0.46,425.2,Steam,38.33,1302.3,48.76,18093.59,371.1,1,16.91,7.172654788536674,2,1,0,33.97599791286199,11.081280000000001
378,Winter,19.51,64.0,38.51,0.401,444.3,Wet,30.02,1171.0,40.83,13882.95,340.01,1,18.999999999999996,7.066466970136958,2,0,0,39.00732844770153,12.486400000000001
379,Monsoon,28.76,69.4,35.8,0.486,382.5,Wet,47.22,1996.4,47.05,21839.61,464.23,1,7.039999999999996,7.5996016138090345,1,0,0,42.27869546802203,19.95944
380,Spring,22.4,42.6,33.16,0.432,435.7,Membrane,25.76,973.3,39.07,11798.58,301.99,1,10.759999999999998,6.881719264431296,3,2,1,37.783385093167695,9.5424
381,Monsoon,36.55,85.6,49.96,0.499,418.8,Wet,34.42,1832.9,45.8,15918.84,347.55,1,13.410000000000004,7.514200125702789,1,0,0,53.251016850668215,31.286799999999992
382,Winter,17.48,22.6,34.02,0.538,427.6,Wet,40.7,1454.8,45.54,18823.56,413.38,1,16.540000000000003,7.283310856684158,2,0,0,35.74447174447174,3.9504800000000007
383,Monsoon,33.33,93.4,58.31,0.424,373.4,Wet,16.88,942.0,43.0,7805.4,181.52,1,24.980000000000004,6.849066282633458,1,0,1,55.80568720379147,31.130219999999998
384,Spring,23.13,40.4,31.87,0.405,442.7,Wet,42.89,1608.3,44.36,19834.95,447.16,1,8.740000000000002,7.383554580824449,3,0,0,37.498251340638845,9.34452
385,Winter,23.23,56.2,42.92,0.46,447.4,Steam,21.77,937.9,43.88,10277.19,234.23,1,19.69,6.844708977264502,2,1,1,43.08222324299495,13.05526
386,Winter,18.2,41.7,27.17,0.429,359.3,Wet,23.43,765.9,38.96,10837.28,278.2,1,8.970000000000002,6.642356414770814,2,0,1,32.68886043533931,7.5894
387,Monsoon,29.35,84.1,48.72,0.451,437.1,Wet,13.85,679.0,37.38,6404.04,171.3,1,19.369999999999997,6.522092798170152,1,0,1,49.025270758122744,24.68335
388,Spring,32.02,59.2,42.56,0.473,419.4,Steam,22.67,1072.1,45.64,10700.29,234.43,1,10.54,6.978306934933082,3,1,1,47.2915747684164,18.955840000000002
389,Summer,41.46,26.9,53.6,0.461,418.0,Wet,37.1,2134.3,45.78,17157.78,374.79,1,12.14,7.6663624310138685,0,0,0,57.528301886792455,11.15274
390,Summer,32.82,22.7,53.93,0.447,362.2,Wet,40.46,2159.5,47.66,18712.17,392.64,1,21.11,7.6780949553719875,0,0,0,53.37370242214533,7.45014
391,Monsoon,26.61,76.2,34.77,0.511,386.0,Steam,47.73,1942.3,49.76,22529.95,452.76,1,8.160000000000004,7.572142837870658,1,1,0,40.69348418185628,20.27682
392,Monsoon,26.9,85.1,44.48,0.425,385.2,Steam,47.47,2168.7,50.58,22404.09,442.96,1,17.58,7.682344188129326,1,1,0,45.68569622919738,22.891899999999996
393,Monsoon,34.49,70.3,58.78,0.485,435.1,Wet,41.64,2358.3,47.23,19257.5,407.73,1,24.29,7.766120243852668,1,0,0,56.63544668587897,24.24647
394,Winter,19.09,44.9,29.49,0.479,375.4,Wet,35.48,1216.4,43.8,16407.35,374.57,1,10.399999999999999,7.104472716059824,2,0,0,34.28410372040587,8.57141
395,Monsoon,31.91,92.2,52.48,0.449,417.6,Steam,32.71,1707.6,49.7,15440.5,310.7,1,20.569999999999997,7.4434296007175185,1,1,1,52.2042188933048,29.421020000000002
396,Monsoon,26.98,82.2,44.1,0.403,396.4,Membrane,35.48,1615.7,44.94,16250.06,361.62,1,17.12,7.388142313607561,1,2,0,45.53833145434048,22.177560000000003
397,Summer,32.96,45.7,56.95,0.407,423.4,Wet,23.95,1316.3,44.01,11077.33,251.68,1,23.990000000000002,7.183339466235782,0,0,1,54.96033402922756,15.062720000000002
398,Spring,28.39,47.0,51.03,0.521,434.2,Wet,38.07,1892.6,49.21,17608.84,357.84,1,22.64,7.546235058199774,3,0,0,49.713685316522195,13.3433
399,Summer,37.49,36.8,52.22,0.485,400.0,Wet,24.27,1331.6,44.84,11226.96,250.38,1,14.729999999999997,7.194887200128437,0,0,1,54.86608982282653,13.796320000000001
400,Spring,32.41,57.0,53.18,0.549,410.5,Wet,32.92,1738.1,46.8,15226.9,325.34,1,20.770000000000003,7.461123017013797,3,0,0,52.79769137302551,18.473699999999997
401,Spring,23.95,56.5,38.67,0.495,409.3,Wet,35.94,1484.9,43.2,16623.18,384.81,1,14.720000000000002,7.303775928262302,3,0,0,41.31608235948804,13.531749999999999
402,Monsoon,29.75,59.5,42.6,0.448,439.4,Steam,44.08,2035.6,49.14,20807.27,423.41,1,12.850000000000001,7.619037029737565,1,1,0,46.17967332123412,17.70125
403,Monsoon,30.53,94.4,44.76,0.544,406.6,Steam,25.68,1223.5,46.72,12120.6,259.46,1,14.229999999999997,7.110287876392222,1,1,1,47.64408099688474,28.820320000000002
404,Summer,36.25,20.0,51.69,0.421,358.1,Membrane,15.16,817.9,36.36,6941.17,190.91,1,15.439999999999998,6.707961976276143,0,2,1,53.95118733509235,7.25
405,Summer,36.42,26.8,52.59,0.501,418.2,Wet,16.62,905.8,38.75,7686.63,198.36,1,16.17,6.809921918633374,0,0,1,54.5006016847172,9.76056
406,Winter,18.95,43.1,31.17,0.439,430.4,Wet,40.09,1405.5,45.49,18542.79,407.66,1,12.220000000000002,7.248859627929911,2,0,0,35.058618109254176,8.16745
407,Spring,31.65,70.9,42.31,0.527,369.6,Wet,29.23,1373.0,42.74,13516.88,316.29,1,10.660000000000004,7.2254814727822945,3,0,1,46.97228874444064,22.43985
408,Winter,22.61,46.0,32.33,0.498,433.2,Membrane,13.73,514.5,35.55,6288.95,176.89,1,9.719999999999999,6.245137303457015,2,2,1,37.472687545520756,10.400599999999999
409,Monsoon,29.46,100.0,52.59,0.438,380.8,Steam,32.99,1683.4,49.02,15572.55,317.68,1,23.130000000000003,7.429164696287772,1,1,0,51.027584116398906,29.46
410,Monsoon,33.03,91.0,60.69,0.451,444.2,Steam,47.11,2678.4,52.05,22234.26,427.19,1,27.659999999999997,7.893348167842886,1,1,0,56.85417108894078,30.0573
411,Spring,32.36,40.4,46.3,0.513,395.4,Wet,16.34,805.8,41.75,7555.45,180.97,1,13.939999999999998,6.693075806080056,3,0,1,49.31456548347613,13.073439999999998
412,Spring,18.87,59.4,26.58,0.522,396.7,Wet,29.97,980.8,41.7,13863.39,332.46,1,7.709999999999997,6.8893876216239525,3,0,0,32.72605939272606,11.208779999999999
413,Monsoon,29.91,97.7,56.81,0.466,414.8,Wet,35.36,1886.6,45.09,16351.94,362.65,1,26.900000000000002,7.5430614598522325,1,0,0,53.35407239819004,29.22207
414,Monsoon,28.44,81.1,43.17,0.439,402.5,Wet,17.85,817.7,39.67,8256.26,208.14,1,14.73,6.707717716382403,1,0,1,45.80952380952381,23.06484
415,Spring,28.38,71.7,47.41,0.531,407.7,Wet,14.85,711.4,40.25,6870.02,170.67,1,19.029999999999998,6.568639551415506,3,0,1,47.9057239057239,20.34846
416,Winter,12.54,58.5,30.07,0.426,437.9,Steam,34.12,1068.1,43.1,16103.88,373.6,1,17.53,6.974572452019454,2,1,0,31.3042203985932,7.335899999999999
417,Spring,29.3,62.0,52.4,0.412,397.7,Steam,21.97,1117.5,46.23,10371.96,224.37,1,23.099999999999998,7.019743780930185,3,1,1,50.86481565771507,18.166
418,Winter,12.16,69.1,32.9,0.548,382.6,Wet,28.9,940.3,41.48,13367.49,322.27,1,20.74,6.847261898553175,2,0,0,32.536332179930795,8.40256
419,Monsoon,28.53,79.6,43.51,0.466,414.4,Wet,44.49,2047.3,46.59,20575.01,441.66,1,14.979999999999997,7.62476545980661,1,0,0,46.01708249044729,22.70988
420,Spring,29.82,52.3,39.77,0.525,369.7,Wet,30.13,1349.5,43.75,13934.06,318.49,1,9.950000000000003,7.20823017323267,3,0,0,44.78924659807501,15.59586
421,Winter,21.67,36.7,37.83,0.544,404.1,Steam,32.58,1294.9,49.09,15376.76,313.22,1,16.159999999999997,7.166960713441369,2,1,1,39.745242480049114,7.952890000000001
422,Summer,39.74,39.3,53.19,0.518,378.3,Membrane,34.51,1948.6,44.45,15806.44,355.57,1,13.449999999999996,7.575379502310996,0,2,0,56.46479281367719,15.61782
423,Winter,22.07,53.5,33.74,0.477,398.3,Wet,30.21,1145.0,41.86,13969.85,333.7,1,11.670000000000002,7.044032897274685,2,0,0,37.90135716650116,11.807450000000001
424,Summer,38.19,30.7,48.16,0.478,449.5,Wet,45.03,2394.5,49.02,20827.09,424.86,1,9.969999999999999,7.781347256323177,0,0,0,53.175660670664,11.72433
425,Monsoon,31.57,100.0,41.0,0.407,444.6,Membrane,18.12,838.5,39.62,8297.1,209.4,1,9.43,6.732806476517595,1,2,1,46.27483443708609,31.57
426,Summer,40.58,42.4,59.97,0.502,366.6,Wet,13.69,825.3,41.15,6332.1,153.89,1,19.39,6.716957903707138,0,0,1,60.28487947406866,17.20592
427,Winter,11.98,68.8,22.77,0.462,399.0,Wet,18.37,503.0,37.78,8498.42,224.92,1,10.79,6.222576268071369,2,0,1,27.38160043549265,8.24224
428,Monsoon,31.59,85.5,46.22,0.417,399.0,Wet,19.48,952.7,39.98,9009.59,225.35,1,14.629999999999999,6.860349156584867,1,0,1,48.90657084188912,27.00945
429,Winter,19.06,44.2,46.55,0.517,449.3,Wet,20.09,859.8,38.73,9290.55,239.89,1,27.49,6.75786218940752,2,0,1,42.79741164758586,8.42452
430,Summer,43.46,42.4,55.68,0.492,351.7,Wet,38.34,2283.8,48.39,17730.51,366.39,1,12.219999999999999,7.734033772145265,0,0,0,59.56703182055295,18.427039999999998
431,Spring,16.55,42.0,40.98,0.462,404.9,Wet,16.87,653.9,38.68,7801.37,201.71,1,24.429999999999996,6.484482552224008,3,0,1,38.76111440426793,6.9510000000000005
432,Spring,19.35,68.8,37.08,0.419,390.9,Wet,37.23,1422.6,45.01,17217.08,382.5,1,17.729999999999997,7.2609441536360375,3,0,0,38.21112006446414,13.3128
433,Monsoon,30.4,75.6,48.2,0.471,405.3,Steam,12.91,636.3,41.77,6092.18,145.85,1,17.800000000000004,6.457240502320248,1,1,1,49.28737412858249,22.9824
434,Monsoon,28.21,84.7,38.5,0.505,383.1,Steam,30.47,1321.3,46.95,14383.87,306.38,1,10.29,7.187127923562777,1,1,1,43.36396455530029,23.893870000000003
435,Spring,22.69,44.7,35.52,0.49,401.4,Wet,22.28,871.3,38.52,10305.67,267.51,1,12.830000000000002,6.771133401439172,3,0,1,39.106822262118484,10.142430000000001
436,Monsoon,29.19,80.1,35.54,0.416,362.9,Steam,37.72,1597.9,47.57,17803.32,374.26,1,6.349999999999998,7.377071171791375,1,1,0,42.36214209968187,23.38119
437,Winter,16.36,54.5,38.49,0.403,436.2,Steam,41.17,1540.5,48.41,19430.26,401.36,1,22.130000000000003,7.340511247326205,2,1,0,37.41802283215934,8.9162
438,Winter,10.33,65.1,27.57,0.438,382.7,Wet,25.85,748.3,41.63,11955.8,287.17,1,17.240000000000002,6.619139437370265,2,0,1,28.94777562862669,6.72483
439,Summer,32.52,54.2,42.84,0.412,358.8,Wet,22.2,1058.5,40.46,10266.69,253.77,1,10.32,6.965552377708354,0,0,1,47.68018018018018,17.625840000000004
440,Spring,34.16,33.6,46.42,0.458,436.3,Wet,23.98,1206.0,45.07,11090.8,246.09,1,12.260000000000005,7.095893221097532,3,0,1,50.29190992493745,11.477759999999998
441,Summer,39.96,54.0,55.15,0.502,443.2,Membrane,43.67,2513.6,48.37,20001.36,413.47,1,15.189999999999998,7.8298690241590805,0,2,0,57.55896496450652,21.578400000000002
442,Spring,26.04,48.4,34.09,0.421,350.1,Membrane,26.99,1081.2,41.73,12359.34,296.19,1,8.050000000000004,6.986751285208635,3,2,1,40.05928121526492,12.60336
443,Summer,37.03,27.2,59.55,0.462,371.0,Membrane,22.92,1336.1,43.84,10498.22,239.47,1,22.519999999999996,7.198258368620619,0,2,1,58.294066317626516,10.07216
444,Winter,15.78,44.2,31.97,0.408,368.2,Membrane,38.14,1291.9,41.09,17468.12,425.17,1,16.189999999999998,7.164643036260507,2,2,0,33.87257472469848,6.97476
445,Winter,16.13,70.5,33.76,0.435,390.5,Wet,44.73,1563.0,45.88,20689.06,450.93,1,17.63,7.355001921105257,2,0,0,34.94299128101945,11.371649999999999
446,Spring,24.86,60.5,32.95,0.515,364.3,Steam,40.37,1570.5,48.18,19053.19,395.45,1,8.090000000000003,7.359785856237623,3,1,0,38.902650483031955,15.0403
447,Winter,20.32,45.3,47.48,0.521,437.5,Wet,39.53,1735.1,44.44,18281.44,411.35,1,27.159999999999997,7.459396497247902,2,0,0,43.89324563622565,9.20496
448,Summer,36.28,43.8,48.35,0.408,416.9,Wet,14.29,747.7,38.21,6610.35,172.98,1,12.07,6.61833836923664,0,0,1,52.32330300909728,15.890639999999998
449,Monsoon,29.67,94.6,42.52,0.522,444.6,Wet,37.38,1723.1,46.66,17288.93,370.57,1,12.850000000000001,7.452460454181805,1,0,0,46.09684323167469,28.06782
450,Winter,19.15,47.1,46.79,0.494,413.8,Wet,19.84,852.4,40.88,9174.91,224.42,1,27.64,6.749228370753899,2,0,1,42.96370967741935,9.019649999999999
451,Summer,41.91,41.0,66.61,0.477,410.4,Wet,37.54,2412.3,47.33,17361.32,366.83,1,24.700000000000003,7.788750384461568,0,0,0,64.25945657964839,17.1831
452,Monsoon,27.7,65.8,38.13,0.506,442.2,Wet,34.03,1460.5,43.14,15739.94,364.86,1,10.430000000000003,7.287218584551301,1,0,0,42.918013517484574,18.226599999999998
453,Winter,11.99,55.9,26.16,0.495,377.1,Wet,39.92,1160.5,42.87,18462.16,430.69,1,14.17,7.057467552210464,2,0,0,29.07064128256513,6.7024099999999995
454,Spring,27.56,51.3,36.27,0.408,375.6,Steam,28.65,1200.9,45.6,13524.39,296.57,1,8.710000000000004,7.091658916958743,3,1,1,41.91623036649215,14.138279999999998
455,Winter,17.35,52.8,37.75,0.499,409.5,Wet,19.05,715.2,38.74,8808.62,227.39,1,20.4,6.5739594575643325,2,0,1,37.54330708661418,9.1608
456,Spring,30.16,58.8,50.72,0.421,377.7,Wet,38.87,1960.4,47.76,17976.94,376.39,1,20.56,7.5814137829582195,3,0,0,50.434782608695656,17.73408
457,Summer,36.13,32.7,42.71,0.408,370.4,Wet,44.94,2220.9,48.45,20784.78,429.01,1,6.579999999999998,7.706117964686392,0,0,0,49.41922563417891,11.814510000000002
458,Spring,32.14,44.4,45.63,0.513,423.3,Membrane,37.4,1828.3,43.71,17129.32,391.89,1,13.490000000000002,7.511688658997253,3,2,0,48.88502673796791,14.27016
459,Winter,14.03,72.1,26.7,0.508,361.1,Wet,13.94,423.2,33.01,6446.28,195.31,1,12.67,6.050205042130582,2,0,1,30.35868005738881,10.11563
460,Monsoon,32.36,73.6,54.7,0.412,395.2,Steam,43.59,2333.5,52.43,20573.67,392.37,1,22.340000000000003,7.755553014410991,1,1,0,53.53292039458591,23.816959999999998
461,Monsoon,33.36,83.3,46.51,0.548,398.3,Membrane,31.38,1567.1,45.59,14373.06,315.27,1,13.149999999999999,7.357619974386986,1,2,1,49.93945188017845,27.78888
462,Monsoon,33.07,82.7,54.91,0.44,403.5,Membrane,16.39,884.8,37.72,7505.55,198.99,1,21.839999999999996,6.786491191489098,1,2,1,53.98413666870042,27.34889
463,Monsoon,30.48,70.8,48.37,0.463,387.7,Membrane,23.89,1180.6,42.14,10939.61,259.59,1,17.889999999999997,7.07462473121717,1,2,1,49.418166596902466,21.57984
464,Monsoon,28.63,92.7,54.48,0.506,449.4,Wet,44.97,2318.4,46.86,20798.2,443.85,1,25.849999999999998,7.749063810522603,1,0,0,51.55436957971982,26.540010000000002
465,Summer,41.96,39.9,59.45,0.482,357.8,Membrane,18.08,1097.4,40.44,8279.34,204.71,1,17.490000000000002,7.001609854453761,0,2,1,60.696902654867266,16.74204
466,Summer,32.07,34.1,50.28,0.417,433.6,Steam,47.31,2421.2,51.98,22329.65,429.56,1,18.21,7.79243149708695,0,1,0,51.17734094271823,10.93587
467,Monsoon,37.47,73.9,47.75,0.482,366.0,Steam,30.12,1584.7,46.65,14216.84,304.75,1,10.280000000000001,7.3687812291955215,1,1,1,52.612881806108895,27.69033
468,Monsoon,26.97,99.1,38.62,0.5,361.8,Wet,18.69,800.0,40.82,8646.26,211.8,1,11.649999999999999,6.68586094706836,1,0,1,42.803638309256286,26.727269999999997
469,Winter,23.3,61.7,41.23,0.421,426.4,Wet,39.91,1686.7,45.4,18457.66,406.58,1,17.929999999999996,7.431121934242439,2,0,0,42.262590829366076,14.376100000000001
470,Monsoon,31.87,95.4,54.88,0.495,395.0,Steam,37.08,1979.0,52.57,17499.97,332.87,1,23.01,7.590852123688581,1,1,0,53.37108953613808,30.40398
471,Monsoon,32.05,77.2,42.3,0.489,431.4,Wet,20.55,969.4,40.76,9504.1,233.17,1,10.25,6.877708357629841,1,0,1,47.17274939172749,24.742599999999996
472,Monsoon,32.16,85.9,44.28,0.488,402.6,Steam,28.97,1396.8,44.83,13672.47,304.99,1,12.120000000000005,7.242654851043029,1,1,1,48.2153952364515,27.625439999999998
473,Monsoon,28.44,82.4,35.7,0.503,352.5,Steam,33.95,1428.6,48.72,16025.94,328.91,1,7.260000000000002,7.265149963845218,1,1,0,42.07952871870397,23.43456
474,Winter,10.86,57.7,21.53,0.482,373.2,Membrane,41.24,1080.2,39.95,18889.63,472.86,1,10.670000000000002,6.985826814402293,2,2,0,26.19301648884578,6.26622
475,Monsoon,29.05,87.6,38.54,0.533,405.4,Steam,44.99,1970.7,52.26,21236.98,406.4,1,9.489999999999998,7.586651393772222,1,1,0,43.80306734829962,25.447799999999997
476,Monsoon,30.63,83.7,46.25,0.417,350.4,Steam,13.96,676.3,41.92,6590.27,157.21,1,15.620000000000001,6.518114306220858,1,1,1,48.445558739255006,25.637310000000003
477,Spring,18.05,57.4,35.62,0.538,392.4,Wet,29.61,1090.6,41.16,13692.66,332.69,1,17.569999999999997,6.995399788834184,3,0,0,36.832151300236404,10.3607
478,Monsoon,30.32,91.6,52.54,0.445,393.1,Wet,41.99,2159.2,45.49,19418.41,426.89,1,22.22,7.677956088984374,1,0,0,51.421767087401754,27.77312
479,Spring,33.25,54.3,47.68,0.459,355.1,Wet,38.96,1966.2,47.21,18020.24,381.71,1,14.43,7.584366490901983,3,0,0,50.46714579055441,18.05475
480,Spring,26.06,73.5,41.27,0.499,371.9,Wet,12.97,566.2,36.03,5997.35,166.45,1,15.210000000000004,6.340711975217918,3,0,1,43.65458750963763,19.1541
481,Spring,26.72,41.2,40.45,0.535,402.5,Steam,16.44,716.7,39.28,7761.66,197.62,1,13.730000000000004,6.576051654436026,3,1,1,43.59489051094891,11.00864
482,Spring,24.86,49.0,34.27,0.403,385.8,Wet,38.57,1526.1,47.07,17840.5,379.04,1,9.410000000000004,7.331125790959136,3,0,0,39.56702100077781,12.181399999999998
483,Spring,27.64,50.6,39.55,0.451,414.8,Wet,23.8,1037.6,42.23,11008.58,260.65,1,11.909999999999997,6.945628931410218,3,0,1,43.59663865546218,13.985840000000001
484,Winter,10.17,67.3,29.52,0.429,405.5,Steam,15.03,448.7,40.38,7095.82,175.73,1,19.35,6.108580693776662,2,1,1,29.85362608117099,6.844409999999999
485,Winter,12.52,40.5,22.61,0.506,403.5,Steam,13.49,371.9,36.96,6369.12,172.31,1,10.09,5.921310287184775,2,1,1,27.56856931060044,5.0706
486,Summer,40.03,43.4,58.41,0.539,423.9,Wet,18.94,1121.8,42.46,8761.29,206.33,1,18.379999999999995,7.023580844487728,0,0,1,59.22914466737064,17.37302
487,Monsoon,27.31,80.1,38.49,0.445,403.2,Steam,25.67,1101.3,46.17,12116.5,262.44,1,11.180000000000003,7.005154184969269,1,1,1,42.90222049084534,21.87531
488,Monsoon,30.55,92.1,41.04,0.419,362.1,Steam,29.54,1352.8,45.43,13942.71,306.88,1,10.489999999999998,7.210670732074507,1,1,1,45.79553148273527,28.136549999999996
489,Spring,24.69,35.9,41.33,0.521,368.6,Wet,27.76,1193.7,42.97,12837.99,298.77,1,16.639999999999997,7.085650386823178,3,0,1,43.0007204610951,8.86371
490,Summer,36.59,38.0,56.29,0.41,439.3,Wet,42.11,2376.8,47.74,19476.32,407.97,1,19.699999999999996,7.773930969424445,0,0,0,56.442650201852295,13.904200000000001
491,Monsoon,32.43,98.1,48.53,0.473,358.5,Membrane,20.52,1035.8,40.99,9397.22,229.27,1,16.1,6.94389432559801,1,2,1,50.4775828460039,31.81383
492,Spring,35.49,48.7,45.6,0.513,395.7,Membrane,41.81,2113.2,46.31,19147.68,413.43,1,10.11,7.656431769334563,3,2,0,50.54293231284381,17.283630000000002
493,Summer,37.83,46.8,54.39,0.439,392.2,Wet,32.55,1826.6,45.92,15055.6,327.83,1,16.560000000000002,7.510758909689116,0,0,0,56.11674347158218,17.704439999999998
494,Monsoon,33.64,72.6,58.09,0.533,373.1,Wet,32.33,1805.9,43.9,14951.25,340.59,1,24.450000000000003,7.499367948717786,1,0,0,55.858335910918655,24.422639999999998
495,Summer,38.56,43.6,50.46,0.468,398.2,Steam,45.29,2468.6,50.33,21375.51,424.71,1,11.899999999999999,7.81181147318795,0,1,0,54.50651357915655,16.812160000000002
496,Summer,33.06,36.7,42.31,0.41,381.7,Wet,39.06,1862.7,46.62,18066.98,387.54,1,9.25,7.53031903808662,0,0,0,47.68817204301075,12.133020000000002
497,Monsoon,31.2,96.0,41.99,0.412,418.3,Membrane,32.94,1535.0,41.66,15087.42,362.13,1,10.790000000000003,7.336936913707618,1,2,0,46.599878567091686,29.951999999999998
498,Spring,25.69,54.1,36.64,0.481,369.2,Steam,42.42,1746.1,51.79,20021.74,386.61,1,10.95,7.465712549480399,3,1,0,41.16218764733616,13.898290000000001
499,Spring,26.57,38.1,43.5,0.428,425.6,Wet,13.45,605.8,38.84,6221.56,160.2,1,16.93,6.408199247474377,3,0,1,45.04089219330855,10.12317
